REGION,SETTLEMENTDATE,TOTALDEMAND,RRP,PERIODTYPE
TAS1,"2013/01/01 00:30:00",777.94,2183.84,TRADE
TAS1,"2013/01/01 01:00:00",856.77,41.31,TRADE
TAS1,"2013/01/01 01:30:00",856.83,39.73,TRADE
TAS1,"2013/01/01 02:00:00",841.16,37.73,TRADE
TAS1,"2013/01/01 02:30:00",849.46,37.75,TRADE
TAS1,"2013/01/01 03:00:00",845.53,37.62,TRADE
TAS1,"2013/01/01 03:30:00",837.77,35.97,TRADE
TAS1,"2013/01/01 04:00:00",839.12,36.36,TRADE
TAS1,"2013/01/01 04:30:00",848.85,37.42,TRADE
TAS1,"2013/01/01 05:00:00",837.76,36.9,TRADE
TAS1,"2013/01/01 05:30:00",835.83,36.93,TRADE
TAS1,"2013/01/01 06:00:00",849.41,36.5,TRADE
TAS1,"2013/01/01 06:30:00",867.28,37.35,TRADE
TAS1,"2013/01/01 07:00:00",892.2,35.47,TRADE
TAS1,"2013/01/01 07:30:00",909.23,35.47,TRADE
TAS1,"2013/01/01 08:00:00",933.26,35.57,TRADE
TAS1,"2013/01/01 08:30:00",936.13,35.6,TRADE
TAS1,"2013/01/01 09:00:00",933.71,35.5,TRADE
TAS1,"2013/01/01 09:30:00",945.59,35.82,TRADE
TAS1,"2013/01/01 10:00:00",948.19,36,TRADE
TAS1,"2013/01/01 10:30:00",932.73,36.33,TRADE
TAS1,"2013/01/01 11:00:00",925.58,36.43,TRADE
TAS1,"2013/01/01 11:30:00",924.09,36.44,TRADE
TAS1,"2013/01/01 12:00:00",916.96,36.44,TRADE
TAS1,"2013/01/01 12:30:00",929.67,36.52,TRADE
TAS1,"2013/01/01 13:00:00",918.36,36.52,TRADE
TAS1,"2013/01/01 13:30:00",922.17,36.19,TRADE
TAS1,"2013/01/01 14:00:00",910.8,36,TRADE
TAS1,"2013/01/01 14:30:00",910.03,36,TRADE
TAS1,"2013/01/01 15:00:00",906.41,35.99,TRADE
TAS1,"2013/01/01 15:30:00",910.76,35.85,TRADE
TAS1,"2013/01/01 16:00:00",922.34,35.37,TRADE
TAS1,"2013/01/01 16:30:00",943.66,35.63,TRADE
TAS1,"2013/01/01 17:00:00",962.82,35.57,TRADE
TAS1,"2013/01/01 17:30:00",948.11,34.23,TRADE
TAS1,"2013/01/01 18:00:00",949.57,34.24,TRADE
TAS1,"2013/01/01 18:30:00",966.57,36.58,TRADE
TAS1,"2013/01/01 19:00:00",968.89,36.34,TRADE
TAS1,"2013/01/01 19:30:00",972.34,37.6,TRADE
TAS1,"2013/01/01 20:00:00",985.57,38.75,TRADE
TAS1,"2013/01/01 20:30:00",988.86,40.04,TRADE
TAS1,"2013/01/01 21:00:00",985.06,39.13,TRADE
TAS1,"2013/01/01 21:30:00",959.51,38.32,TRADE
TAS1,"2013/01/01 22:00:00",935.56,36.5,TRADE
TAS1,"2013/01/01 22:30:00",907.56,37.24,TRADE
TAS1,"2013/01/01 23:00:00",891.47,36.52,TRADE
TAS1,"2013/01/01 23:30:00",878.65,37,TRADE
TAS1,"2013/01/02 00:00:00",873.08,37.77,TRADE
TAS1,"2013/01/02 00:30:00",896.92,36.7,TRADE
TAS1,"2013/01/02 01:00:00",882.5,36.11,TRADE
TAS1,"2013/01/02 01:30:00",872.99,36.77,TRADE
TAS1,"2013/01/02 02:00:00",864.15,36.03,TRADE
TAS1,"2013/01/02 02:30:00",850,35.4,TRADE
TAS1,"2013/01/02 03:00:00",875.82,36.01,TRADE
TAS1,"2013/01/02 03:30:00",877.27,36.87,TRADE
TAS1,"2013/01/02 04:00:00",878.21,35.96,TRADE
TAS1,"2013/01/02 04:30:00",882.2,36.69,TRADE
TAS1,"2013/01/02 05:00:00",905.38,37.35,TRADE
TAS1,"2013/01/02 05:30:00",939.05,37.47,TRADE
TAS1,"2013/01/02 06:00:00",980.35,37.97,TRADE
TAS1,"2013/01/02 06:30:00",1022.91,40,TRADE
TAS1,"2013/01/02 07:00:00",1058.35,41.69,TRADE
TAS1,"2013/01/02 07:30:00",1091.06,64.41,TRADE
TAS1,"2013/01/02 08:00:00",1106.55,61.04,TRADE
TAS1,"2013/01/02 08:30:00",1107.6,61.43,TRADE
TAS1,"2013/01/02 09:00:00",1091.66,42.03,TRADE
TAS1,"2013/01/02 09:30:00",1075.2,42.52,TRADE
TAS1,"2013/01/02 10:00:00",1076.79,42.43,TRADE
TAS1,"2013/01/02 10:30:00",1051.87,42.81,TRADE
TAS1,"2013/01/02 11:00:00",1060.72,43.75,TRADE
TAS1,"2013/01/02 11:30:00",1058.49,43.67,TRADE
TAS1,"2013/01/02 12:00:00",1036.69,40.09,TRADE
TAS1,"2013/01/02 12:30:00",1024.29,36.73,TRADE
TAS1,"2013/01/02 13:00:00",985.98,62.24,TRADE
TAS1,"2013/01/02 13:30:00",965.13,42.85,TRADE
TAS1,"2013/01/02 14:00:00",973.93,43.23,TRADE
TAS1,"2013/01/02 14:30:00",1007.84,43.34,TRADE
TAS1,"2013/01/02 15:00:00",1008.29,43.22,TRADE
TAS1,"2013/01/02 15:30:00",1003.52,43.75,TRADE
TAS1,"2013/01/02 16:00:00",1050.44,44.72,TRADE
TAS1,"2013/01/02 16:30:00",1054.29,46.71,TRADE
TAS1,"2013/01/02 17:00:00",1085.21,47,TRADE
TAS1,"2013/01/02 17:30:00",1080.25,45.7,TRADE
TAS1,"2013/01/02 18:00:00",1079.95,45.42,TRADE
TAS1,"2013/01/02 18:30:00",1086.15,44.64,TRADE
TAS1,"2013/01/02 19:00:00",1080.78,44.58,TRADE
TAS1,"2013/01/02 19:30:00",1085.35,44.5,TRADE
TAS1,"2013/01/02 20:00:00",1017.75,45.39,TRADE
TAS1,"2013/01/02 20:30:00",1074.04,52.4,TRADE
TAS1,"2013/01/02 21:00:00",1095.83,63.07,TRADE
TAS1,"2013/01/02 21:30:00",1083.81,60.29,TRADE
TAS1,"2013/01/02 22:00:00",1061.84,54.35,TRADE
TAS1,"2013/01/02 22:30:00",1050.48,48.87,TRADE
TAS1,"2013/01/02 23:00:00",1025.39,44.75,TRADE
TAS1,"2013/01/02 23:30:00",1004.04,45.51,TRADE
TAS1,"2013/01/03 00:00:00",989.88,44.96,TRADE
TAS1,"2013/01/03 00:30:00",977.24,42.96,TRADE
TAS1,"2013/01/03 01:00:00",967.34,36.52,TRADE
TAS1,"2013/01/03 01:30:00",963.11,37.57,TRADE
TAS1,"2013/01/03 02:00:00",967.73,35.71,TRADE
TAS1,"2013/01/03 02:30:00",967.4,36.17,TRADE
TAS1,"2013/01/03 03:00:00",968.58,35.71,TRADE
TAS1,"2013/01/03 03:30:00",966.95,37.03,TRADE
TAS1,"2013/01/03 04:00:00",963.57,36.5,TRADE
TAS1,"2013/01/03 04:30:00",973.59,37.87,TRADE
TAS1,"2013/01/03 05:00:00",978.31,39.59,TRADE
TAS1,"2013/01/03 05:30:00",999.74,42.35,TRADE
TAS1,"2013/01/03 06:00:00",1010.8,41.13,TRADE
TAS1,"2013/01/03 06:30:00",1066.15,43.82,TRADE
TAS1,"2013/01/03 07:00:00",1119.79,51.55,TRADE
TAS1,"2013/01/03 07:30:00",1136.06,48.65,TRADE
TAS1,"2013/01/03 08:00:00",1139.51,48.84,TRADE
TAS1,"2013/01/03 08:30:00",1136.51,48.17,TRADE
TAS1,"2013/01/03 09:00:00",1130.84,46.04,TRADE
TAS1,"2013/01/03 09:30:00",1129.53,47.18,TRADE
TAS1,"2013/01/03 10:00:00",1120.94,44.18,TRADE
TAS1,"2013/01/03 10:30:00",1114.41,43.51,TRADE
TAS1,"2013/01/03 11:00:00",1119,43.46,TRADE
TAS1,"2013/01/03 11:30:00",1131.36,37.86,TRADE
TAS1,"2013/01/03 12:00:00",1092.46,37.15,TRADE
TAS1,"2013/01/03 12:30:00",1098.89,36.49,TRADE
TAS1,"2013/01/03 13:00:00",1128.95,35.25,TRADE
TAS1,"2013/01/03 13:30:00",1136,54.26,TRADE
TAS1,"2013/01/03 14:00:00",1148.17,41.24,TRADE
TAS1,"2013/01/03 14:30:00",1162.68,44.89,TRADE
TAS1,"2013/01/03 15:00:00",1156.24,45.25,TRADE
TAS1,"2013/01/03 15:30:00",1158.93,40.78,TRADE
TAS1,"2013/01/03 16:00:00",1168.36,43.86,TRADE
TAS1,"2013/01/03 16:30:00",1179.82,50.98,TRADE
TAS1,"2013/01/03 17:00:00",1206.08,60.84,TRADE
TAS1,"2013/01/03 17:30:00",1203.68,53.02,TRADE
TAS1,"2013/01/03 18:00:00",1185.37,62.44,TRADE
TAS1,"2013/01/03 18:30:00",1191.13,55.85,TRADE
TAS1,"2013/01/03 19:00:00",1166.14,76.89,TRADE
TAS1,"2013/01/03 19:30:00",1160.53,88.48,TRADE
TAS1,"2013/01/03 20:00:00",1162.52,92.61,TRADE
TAS1,"2013/01/03 20:30:00",1147.95,77.08,TRADE
TAS1,"2013/01/03 21:00:00",1150.41,54.67,TRADE
TAS1,"2013/01/03 21:30:00",1137.02,48.29,TRADE
TAS1,"2013/01/03 22:00:00",1126.42,46.79,TRADE
TAS1,"2013/01/03 22:30:00",1098.01,56.08,TRADE
TAS1,"2013/01/03 23:00:00",1064.67,50.34,TRADE
TAS1,"2013/01/03 23:30:00",1034.18,45.88,TRADE
TAS1,"2013/01/04 00:00:00",1000.17,49.56,TRADE
TAS1,"2013/01/04 00:30:00",990.65,51.06,TRADE
TAS1,"2013/01/04 01:00:00",970.78,46.75,TRADE
TAS1,"2013/01/04 01:30:00",986.3,44.57,TRADE
TAS1,"2013/01/04 02:00:00",969.87,41.64,TRADE
TAS1,"2013/01/04 02:30:00",954.46,36.93,TRADE
TAS1,"2013/01/04 03:00:00",926.98,36.26,TRADE
TAS1,"2013/01/04 03:30:00",926.56,35.76,TRADE
TAS1,"2013/01/04 04:00:00",927.41,36.44,TRADE
TAS1,"2013/01/04 04:30:00",935.57,38.22,TRADE
TAS1,"2013/01/04 05:00:00",949.49,39.54,TRADE
TAS1,"2013/01/04 05:30:00",963.37,41.08,TRADE
TAS1,"2013/01/04 06:00:00",985.48,43.31,TRADE
TAS1,"2013/01/04 06:30:00",1011.84,44.17,TRADE
TAS1,"2013/01/04 07:00:00",1045.95,45.88,TRADE
TAS1,"2013/01/04 07:30:00",1058.34,46.32,TRADE
TAS1,"2013/01/04 08:00:00",1091.47,48.96,TRADE
TAS1,"2013/01/04 08:30:00",1098.16,57.97,TRADE
TAS1,"2013/01/04 09:00:00",1096.63,65.99,TRADE
TAS1,"2013/01/04 09:30:00",1109.86,52.43,TRADE
TAS1,"2013/01/04 10:00:00",1101.88,70.32,TRADE
TAS1,"2013/01/04 10:30:00",1094.74,59.76,TRADE
TAS1,"2013/01/04 11:00:00",1134.15,68.22,TRADE
TAS1,"2013/01/04 11:30:00",1141.41,86.12,TRADE
TAS1,"2013/01/04 12:00:00",1129.68,62.47,TRADE
TAS1,"2013/01/04 12:30:00",1141.37,33.25,TRADE
TAS1,"2013/01/04 13:00:00",1146.12,33.2,TRADE
TAS1,"2013/01/04 13:30:00",1156.36,54.84,TRADE
TAS1,"2013/01/04 14:00:00",1113.06,50.1,TRADE
TAS1,"2013/01/04 14:30:00",1160.68,1233.81,TRADE
TAS1,"2013/01/04 15:00:00",1083.05,1060.22,TRADE
TAS1,"2013/01/04 15:30:00",1122.09,40.04,TRADE
TAS1,"2013/01/04 16:00:00",1163.16,38.25,TRADE
TAS1,"2013/01/04 16:30:00",1220.03,38.35,TRADE
TAS1,"2013/01/04 17:00:00",1216.99,29.25,TRADE
TAS1,"2013/01/04 17:30:00",1225.28,29.85,TRADE
TAS1,"2013/01/04 18:00:00",1233.31,33.57,TRADE
TAS1,"2013/01/04 18:30:00",1225.41,36.97,TRADE
TAS1,"2013/01/04 19:00:00",1208.88,35.4,TRADE
TAS1,"2013/01/04 19:30:00",1202.94,35.4,TRADE
TAS1,"2013/01/04 20:00:00",1193.46,81.68,TRADE
TAS1,"2013/01/04 20:30:00",1185.39,47.23,TRADE
TAS1,"2013/01/04 21:00:00",1188.15,53.15,TRADE
TAS1,"2013/01/04 21:30:00",1172.95,47.23,TRADE
TAS1,"2013/01/04 22:00:00",1145.72,40.15,TRADE
TAS1,"2013/01/04 22:30:00",1087.53,35.4,TRADE
TAS1,"2013/01/04 23:00:00",1053.78,35.22,TRADE
TAS1,"2013/01/04 23:30:00",1025.39,35.4,TRADE
TAS1,"2013/01/05 00:00:00",1015.33,41.32,TRADE
TAS1,"2013/01/05 00:30:00",988.96,35.4,TRADE
TAS1,"2013/01/05 01:00:00",960.71,37.79,TRADE
TAS1,"2013/01/05 01:30:00",952.68,56.88,TRADE
TAS1,"2013/01/05 02:00:00",934.27,50.91,TRADE
TAS1,"2013/01/05 02:30:00",962.32,48.06,TRADE
TAS1,"2013/01/05 03:00:00",979.88,47.18,TRADE
TAS1,"2013/01/05 03:30:00",976.04,45.61,TRADE
TAS1,"2013/01/05 04:00:00",975.72,42,TRADE
TAS1,"2013/01/05 04:30:00",988.27,41.34,TRADE
TAS1,"2013/01/05 05:00:00",980.49,41.78,TRADE
TAS1,"2013/01/05 05:30:00",965.65,40.87,TRADE
TAS1,"2013/01/05 06:00:00",975.29,40.98,TRADE
TAS1,"2013/01/05 06:30:00",989.55,41.28,TRADE
TAS1,"2013/01/05 07:00:00",1019.41,43.08,TRADE
TAS1,"2013/01/05 07:30:00",1045.47,45.13,TRADE
TAS1,"2013/01/05 08:00:00",1071.29,45.66,TRADE
TAS1,"2013/01/05 08:30:00",1083.8,46.26,TRADE
TAS1,"2013/01/05 09:00:00",1080.48,46.05,TRADE
TAS1,"2013/01/05 09:30:00",1086.5,46.91,TRADE
TAS1,"2013/01/05 10:00:00",1080.53,46.17,TRADE
TAS1,"2013/01/05 10:30:00",1055.21,2188.83,TRADE
TAS1,"2013/01/05 11:00:00",1034.39,48.61,TRADE
TAS1,"2013/01/05 11:30:00",1061.08,47.44,TRADE
TAS1,"2013/01/05 12:00:00",1051.75,48.09,TRADE
TAS1,"2013/01/05 12:30:00",1056.08,53.19,TRADE
TAS1,"2013/01/05 13:00:00",1039.19,48.15,TRADE
TAS1,"2013/01/05 13:30:00",1040.82,47.46,TRADE
TAS1,"2013/01/05 14:00:00",1047.51,48.08,TRADE
TAS1,"2013/01/05 14:30:00",1059.68,49.38,TRADE
TAS1,"2013/01/05 15:00:00",1061.37,54.46,TRADE
TAS1,"2013/01/05 15:30:00",1057.76,57.01,TRADE
TAS1,"2013/01/05 16:00:00",1067.03,58.25,TRADE
TAS1,"2013/01/05 16:30:00",1078.5,51.73,TRADE
TAS1,"2013/01/05 17:00:00",1090.95,50.43,TRADE
TAS1,"2013/01/05 17:30:00",1100.72,44.13,TRADE
TAS1,"2013/01/05 18:00:00",1100.47,47.45,TRADE
TAS1,"2013/01/05 18:30:00",1060.28,46.45,TRADE
TAS1,"2013/01/05 19:00:00",1062.48,43.67,TRADE
TAS1,"2013/01/05 19:30:00",1064.6,43.43,TRADE
TAS1,"2013/01/05 20:00:00",1070.46,43.28,TRADE
TAS1,"2013/01/05 20:30:00",1085.87,44.1,TRADE
TAS1,"2013/01/05 21:00:00",1110.96,44.1,TRADE
TAS1,"2013/01/05 21:30:00",1101.73,43.24,TRADE
TAS1,"2013/01/05 22:00:00",1084.9,41.7,TRADE
TAS1,"2013/01/05 22:30:00",1082.18,41.83,TRADE
TAS1,"2013/01/05 23:00:00",1006.88,2182.86,TRADE
TAS1,"2013/01/05 23:30:00",892.49,70.76,TRADE
TAS1,"2013/01/06 00:00:00",927.36,42.82,TRADE
TAS1,"2013/01/06 00:30:00",1014.44,40.1,TRADE
TAS1,"2013/01/06 01:00:00",999.51,2180.96,TRADE
TAS1,"2013/01/06 01:30:00",916.96,38.17,TRADE
TAS1,"2013/01/06 02:00:00",981.15,38.19,TRADE
TAS1,"2013/01/06 02:30:00",962.2,37.18,TRADE
TAS1,"2013/01/06 03:00:00",985.66,37.55,TRADE
TAS1,"2013/01/06 03:30:00",1018.44,37.82,TRADE
TAS1,"2013/01/06 04:00:00",1018.66,37.55,TRADE
TAS1,"2013/01/06 04:30:00",1024.95,37.53,TRADE
TAS1,"2013/01/06 05:00:00",1023.96,37.9,TRADE
TAS1,"2013/01/06 05:30:00",1026.77,37.17,TRADE
TAS1,"2013/01/06 06:00:00",1036.59,37.03,TRADE
TAS1,"2013/01/06 06:30:00",1057.23,37.32,TRADE
TAS1,"2013/01/06 07:00:00",1088.45,38.23,TRADE
TAS1,"2013/01/06 07:30:00",1104.48,38,TRADE
TAS1,"2013/01/06 08:00:00",1080.91,39.21,TRADE
TAS1,"2013/01/06 08:30:00",1090.37,40.83,TRADE
TAS1,"2013/01/06 09:00:00",1113.39,40.34,TRADE
TAS1,"2013/01/06 09:30:00",1117.33,42.5,TRADE
TAS1,"2013/01/06 10:00:00",1127.86,44.64,TRADE
TAS1,"2013/01/06 10:30:00",1120.65,44.8,TRADE
TAS1,"2013/01/06 11:00:00",1117.27,43.87,TRADE
TAS1,"2013/01/06 11:30:00",1112.73,44.44,TRADE
TAS1,"2013/01/06 12:00:00",1118.6,37.72,TRADE
TAS1,"2013/01/06 12:30:00",1081.12,69.72,TRADE
TAS1,"2013/01/06 13:00:00",1063.87,43.89,TRADE
TAS1,"2013/01/06 13:30:00",1055.02,44.09,TRADE
TAS1,"2013/01/06 14:00:00",1059.02,44.97,TRADE
TAS1,"2013/01/06 14:30:00",1054.33,45.06,TRADE
TAS1,"2013/01/06 15:00:00",1049.84,44.95,TRADE
TAS1,"2013/01/06 15:30:00",1064.88,45.7,TRADE
TAS1,"2013/01/06 16:00:00",1079.74,46.47,TRADE
TAS1,"2013/01/06 16:30:00",1090.84,46.95,TRADE
TAS1,"2013/01/06 17:00:00",1104.5,47.83,TRADE
TAS1,"2013/01/06 17:30:00",1096.95,47.15,TRADE
TAS1,"2013/01/06 18:00:00",1091.19,47.06,TRADE
TAS1,"2013/01/06 18:30:00",1083.19,45.91,TRADE
TAS1,"2013/01/06 19:00:00",1099.77,45.39,TRADE
TAS1,"2013/01/06 19:30:00",1118.19,47.2,TRADE
TAS1,"2013/01/06 20:00:00",1129.8,45.97,TRADE
TAS1,"2013/01/06 20:30:00",1136.96,45.76,TRADE
TAS1,"2013/01/06 21:00:00",1135.56,45.57,TRADE
TAS1,"2013/01/06 21:30:00",1125.69,43.01,TRADE
TAS1,"2013/01/06 22:00:00",1094.33,41.9,TRADE
TAS1,"2013/01/06 22:30:00",1060.32,41.82,TRADE
TAS1,"2013/01/06 23:00:00",1039.59,40.76,TRADE
TAS1,"2013/01/06 23:30:00",1054.81,42.25,TRADE
TAS1,"2013/01/07 00:00:00",1051.23,43.74,TRADE
TAS1,"2013/01/07 00:30:00",1047.58,39.78,TRADE
TAS1,"2013/01/07 01:00:00",1047.23,39.08,TRADE
TAS1,"2013/01/07 01:30:00",1048.26,39.08,TRADE
TAS1,"2013/01/07 02:00:00",1048.51,39.37,TRADE
TAS1,"2013/01/07 02:30:00",1042.35,38.13,TRADE
TAS1,"2013/01/07 03:00:00",1037.07,37.97,TRADE
TAS1,"2013/01/07 03:30:00",1038.01,38.06,TRADE
TAS1,"2013/01/07 04:00:00",1035.62,37.93,TRADE
TAS1,"2013/01/07 04:30:00",1041.04,38.98,TRADE
TAS1,"2013/01/07 05:00:00",1040.45,38.56,TRADE
TAS1,"2013/01/07 05:30:00",1061.67,41.98,TRADE
TAS1,"2013/01/07 06:00:00",1101.7,43.93,TRADE
TAS1,"2013/01/07 06:30:00",1140.89,47.26,TRADE
TAS1,"2013/01/07 07:00:00",1175.33,48.02,TRADE
TAS1,"2013/01/07 07:30:00",1195.44,49.44,TRADE
TAS1,"2013/01/07 08:00:00",1200.83,45.32,TRADE
TAS1,"2013/01/07 08:30:00",1200.71,45.41,TRADE
TAS1,"2013/01/07 09:00:00",1193.24,53.99,TRADE
TAS1,"2013/01/07 09:30:00",1175.54,46.46,TRADE
TAS1,"2013/01/07 10:00:00",1155.86,46.25,TRADE
TAS1,"2013/01/07 10:30:00",1190.13,45.49,TRADE
TAS1,"2013/01/07 11:00:00",1187.24,47.53,TRADE
TAS1,"2013/01/07 11:30:00",1196.34,41.91,TRADE
TAS1,"2013/01/07 12:00:00",1191.45,45.11,TRADE
TAS1,"2013/01/07 12:30:00",1193.05,40.39,TRADE
TAS1,"2013/01/07 13:00:00",1189.28,39.64,TRADE
TAS1,"2013/01/07 13:30:00",1169.01,44.45,TRADE
TAS1,"2013/01/07 14:00:00",1152.58,45.26,TRADE
TAS1,"2013/01/07 14:30:00",1151.49,50.15,TRADE
TAS1,"2013/01/07 15:00:00",1182.05,43.25,TRADE
TAS1,"2013/01/07 15:30:00",1191.07,41.86,TRADE
TAS1,"2013/01/07 16:00:00",1204.89,48.61,TRADE
TAS1,"2013/01/07 16:30:00",1212.21,59.17,TRADE
TAS1,"2013/01/07 17:00:00",1219.42,79.6,TRADE
TAS1,"2013/01/07 17:30:00",1206.17,38.99,TRADE
TAS1,"2013/01/07 18:00:00",1206.99,43.58,TRADE
TAS1,"2013/01/07 18:30:00",1210.9,42.63,TRADE
TAS1,"2013/01/07 19:00:00",1191.5,43.33,TRADE
TAS1,"2013/01/07 19:30:00",1178.65,45.02,TRADE
TAS1,"2013/01/07 20:00:00",1183.37,44.39,TRADE
TAS1,"2013/01/07 20:30:00",1189.17,44.36,TRADE
TAS1,"2013/01/07 21:00:00",1166.58,47.46,TRADE
TAS1,"2013/01/07 21:30:00",1167.46,48.44,TRADE
TAS1,"2013/01/07 22:00:00",1135.69,45.72,TRADE
TAS1,"2013/01/07 22:30:00",1113.82,57.66,TRADE
TAS1,"2013/01/07 23:00:00",1098.27,47.88,TRADE
TAS1,"2013/01/07 23:30:00",1071.67,48.04,TRADE
TAS1,"2013/01/08 00:00:00",1043.46,46.87,TRADE
TAS1,"2013/01/08 00:30:00",1016.62,47.19,TRADE
TAS1,"2013/01/08 01:00:00",1034.46,43.44,TRADE
TAS1,"2013/01/08 01:30:00",1043.28,42.96,TRADE
TAS1,"2013/01/08 02:00:00",1044.74,44.07,TRADE
TAS1,"2013/01/08 02:30:00",1045.46,42.53,TRADE
TAS1,"2013/01/08 03:00:00",1048.57,43.13,TRADE
TAS1,"2013/01/08 03:30:00",1044.66,42.16,TRADE
TAS1,"2013/01/08 04:00:00",1049.88,43.41,TRADE
TAS1,"2013/01/08 04:30:00",1051.76,43.35,TRADE
TAS1,"2013/01/08 05:00:00",1062.23,45.1,TRADE
TAS1,"2013/01/08 05:30:00",1078.36,45.49,TRADE
TAS1,"2013/01/08 06:00:00",1098.38,44.84,TRADE
TAS1,"2013/01/08 06:30:00",1151.41,48.13,TRADE
TAS1,"2013/01/08 07:00:00",1166.8,215.54,TRADE
TAS1,"2013/01/08 07:30:00",1138.93,40.18,TRADE
TAS1,"2013/01/08 08:00:00",1159.43,42.19,TRADE
TAS1,"2013/01/08 08:30:00",1172.26,43.36,TRADE
TAS1,"2013/01/08 09:00:00",1155.5,43.34,TRADE
TAS1,"2013/01/08 09:30:00",1133.76,42.54,TRADE
TAS1,"2013/01/08 10:00:00",1098.92,41.8,TRADE
TAS1,"2013/01/08 10:30:00",1024.43,36.47,TRADE
TAS1,"2013/01/08 11:00:00",1074.66,37.52,TRADE
TAS1,"2013/01/08 11:30:00",1092.62,37.23,TRADE
TAS1,"2013/01/08 12:00:00",1051.26,36.19,TRADE
TAS1,"2013/01/08 12:30:00",1047.28,36.19,TRADE
TAS1,"2013/01/08 13:00:00",1030.21,43.24,TRADE
TAS1,"2013/01/08 13:30:00",1039.18,36.22,TRADE
TAS1,"2013/01/08 14:00:00",1039.93,36.22,TRADE
TAS1,"2013/01/08 14:30:00",1045.42,36.22,TRADE
TAS1,"2013/01/08 15:00:00",1043.45,36.22,TRADE
TAS1,"2013/01/08 15:30:00",1036.68,36.22,TRADE
TAS1,"2013/01/08 16:00:00",1049.07,36.22,TRADE
TAS1,"2013/01/08 16:30:00",1055.44,36.19,TRADE
TAS1,"2013/01/08 17:00:00",1080.89,36.52,TRADE
TAS1,"2013/01/08 17:30:00",1033.69,35.04,TRADE
TAS1,"2013/01/08 18:00:00",1050.58,40.16,TRADE
TAS1,"2013/01/08 18:30:00",1046.52,41.46,TRADE
TAS1,"2013/01/08 19:00:00",1059.96,41.53,TRADE
TAS1,"2013/01/08 19:30:00",1068.88,41.29,TRADE
TAS1,"2013/01/08 20:00:00",1056.49,42,TRADE
TAS1,"2013/01/08 20:30:00",1077.75,42.48,TRADE
TAS1,"2013/01/08 21:00:00",1073.94,41.43,TRADE
TAS1,"2013/01/08 21:30:00",1055.61,41.16,TRADE
TAS1,"2013/01/08 22:00:00",1034.55,40.56,TRADE
TAS1,"2013/01/08 22:30:00",986.9,41.71,TRADE
TAS1,"2013/01/08 23:00:00",976.04,40.45,TRADE
TAS1,"2013/01/08 23:30:00",960.98,41.01,TRADE
TAS1,"2013/01/09 00:00:00",949.23,39.35,TRADE
TAS1,"2013/01/09 00:30:00",935.04,37.11,TRADE
TAS1,"2013/01/09 01:00:00",942.15,36.84,TRADE
TAS1,"2013/01/09 01:30:00",946.64,38.23,TRADE
TAS1,"2013/01/09 02:00:00",923.5,35.53,TRADE
TAS1,"2013/01/09 02:30:00",909.75,34.79,TRADE
TAS1,"2013/01/09 03:00:00",913.96,34.38,TRADE
TAS1,"2013/01/09 03:30:00",917.94,34.51,TRADE
TAS1,"2013/01/09 04:00:00",920.11,34.29,TRADE
TAS1,"2013/01/09 04:30:00",940.35,35.26,TRADE
TAS1,"2013/01/09 05:00:00",951.2,36.7,TRADE
TAS1,"2013/01/09 05:30:00",992.69,38.69,TRADE
TAS1,"2013/01/09 06:00:00",1025.17,38.93,TRADE
TAS1,"2013/01/09 06:30:00",1063.18,40.59,TRADE
TAS1,"2013/01/09 07:00:00",1080.18,41.53,TRADE
TAS1,"2013/01/09 07:30:00",1086.77,40.22,TRADE
TAS1,"2013/01/09 08:00:00",1092.48,39.79,TRADE
TAS1,"2013/01/09 08:30:00",1070.46,44.18,TRADE
TAS1,"2013/01/09 09:00:00",1070.91,44.84,TRADE
TAS1,"2013/01/09 09:30:00",1047.3,42.38,TRADE
TAS1,"2013/01/09 10:00:00",1040.33,42.55,TRADE
TAS1,"2013/01/09 10:30:00",1059.69,44.03,TRADE
TAS1,"2013/01/09 11:00:00",1056.23,43.22,TRADE
TAS1,"2013/01/09 11:30:00",1033.59,42.63,TRADE
TAS1,"2013/01/09 12:00:00",1028.36,41.42,TRADE
TAS1,"2013/01/09 12:30:00",1023.87,41.39,TRADE
TAS1,"2013/01/09 13:00:00",1045.21,41.81,TRADE
TAS1,"2013/01/09 13:30:00",1048.22,41.41,TRADE
TAS1,"2013/01/09 14:00:00",1038.71,41.52,TRADE
TAS1,"2013/01/09 14:30:00",1053.75,41.67,TRADE
TAS1,"2013/01/09 15:00:00",1043.93,41.4,TRADE
TAS1,"2013/01/09 15:30:00",1042.62,40.82,TRADE
TAS1,"2013/01/09 16:00:00",1041.41,41.77,TRADE
TAS1,"2013/01/09 16:30:00",1041.37,41.53,TRADE
TAS1,"2013/01/09 17:00:00",1081.17,42.1,TRADE
TAS1,"2013/01/09 17:30:00",1086.48,41.85,TRADE
TAS1,"2013/01/09 18:00:00",1090.71,42.27,TRADE
TAS1,"2013/01/09 18:30:00",1068.28,61.24,TRADE
TAS1,"2013/01/09 19:00:00",1081.1,41.49,TRADE
TAS1,"2013/01/09 19:30:00",1075.78,40.95,TRADE
TAS1,"2013/01/09 20:00:00",1078.19,42.17,TRADE
TAS1,"2013/01/09 20:30:00",1098.64,44.97,TRADE
TAS1,"2013/01/09 21:00:00",1098.5,44.83,TRADE
TAS1,"2013/01/09 21:30:00",1078.18,42.26,TRADE
TAS1,"2013/01/09 22:00:00",1058.58,41.31,TRADE
TAS1,"2013/01/09 22:30:00",1035.67,41.69,TRADE
TAS1,"2013/01/09 23:00:00",1007.11,41.98,TRADE
TAS1,"2013/01/09 23:30:00",999.2,43.48,TRADE
TAS1,"2013/01/10 00:00:00",978.35,44.42,TRADE
TAS1,"2013/01/10 00:30:00",987.71,43.52,TRADE
TAS1,"2013/01/10 01:00:00",984.62,41.79,TRADE
TAS1,"2013/01/10 01:30:00",979.38,41.64,TRADE
TAS1,"2013/01/10 02:00:00",978.79,41.36,TRADE
TAS1,"2013/01/10 02:30:00",984.19,40.84,TRADE
TAS1,"2013/01/10 03:00:00",993.76,40.88,TRADE
TAS1,"2013/01/10 03:30:00",986.19,40.29,TRADE
TAS1,"2013/01/10 04:00:00",1014.57,41.33,TRADE
TAS1,"2013/01/10 04:30:00",1019.28,41.98,TRADE
TAS1,"2013/01/10 05:00:00",1028.21,42.29,TRADE
TAS1,"2013/01/10 05:30:00",1058.64,61.62,TRADE
TAS1,"2013/01/10 06:00:00",1084.26,60.4,TRADE
TAS1,"2013/01/10 06:30:00",1163.48,43.92,TRADE
TAS1,"2013/01/10 07:00:00",1202.63,45.19,TRADE
TAS1,"2013/01/10 07:30:00",1214.66,46.2,TRADE
TAS1,"2013/01/10 08:00:00",1227.4,46.79,TRADE
TAS1,"2013/01/10 08:30:00",1216.17,44.41,TRADE
TAS1,"2013/01/10 09:00:00",1220.34,41.52,TRADE
TAS1,"2013/01/10 09:30:00",1189.37,41.93,TRADE
TAS1,"2013/01/10 10:00:00",1196.48,44.09,TRADE
TAS1,"2013/01/10 10:30:00",1171.54,45.84,TRADE
TAS1,"2013/01/10 11:00:00",1180.11,44.85,TRADE
TAS1,"2013/01/10 11:30:00",1192.62,43.59,TRADE
TAS1,"2013/01/10 12:00:00",1176.08,39.14,TRADE
TAS1,"2013/01/10 12:30:00",1146.29,62.63,TRADE
TAS1,"2013/01/10 13:00:00",1166.59,44.87,TRADE
TAS1,"2013/01/10 13:30:00",1170.94,45.33,TRADE
TAS1,"2013/01/10 14:00:00",1167.79,45.37,TRADE
TAS1,"2013/01/10 14:30:00",1169.11,47.57,TRADE
TAS1,"2013/01/10 15:00:00",1159.58,46.71,TRADE
TAS1,"2013/01/10 15:30:00",1174.73,46.89,TRADE
TAS1,"2013/01/10 16:00:00",1187.1,47.37,TRADE
TAS1,"2013/01/10 16:30:00",1200.34,47.53,TRADE
TAS1,"2013/01/10 17:00:00",1212.47,47.1,TRADE
TAS1,"2013/01/10 17:30:00",1198.88,46.52,TRADE
TAS1,"2013/01/10 18:00:00",1187.94,44.14,TRADE
TAS1,"2013/01/10 18:30:00",1184.02,44.22,TRADE
TAS1,"2013/01/10 19:00:00",1179.98,46.14,TRADE
TAS1,"2013/01/10 19:30:00",1181.25,45.88,TRADE
TAS1,"2013/01/10 20:00:00",1178.93,45.85,TRADE
TAS1,"2013/01/10 20:30:00",1197.86,46.02,TRADE
TAS1,"2013/01/10 21:00:00",1181.69,46.95,TRADE
TAS1,"2013/01/10 21:30:00",1170.36,46.35,TRADE
TAS1,"2013/01/10 22:00:00",1148.9,45.14,TRADE
TAS1,"2013/01/10 22:30:00",1117.77,45.52,TRADE
TAS1,"2013/01/10 23:00:00",1094.45,43.67,TRADE
TAS1,"2013/01/10 23:30:00",1073.66,44.42,TRADE
TAS1,"2013/01/11 00:00:00",1070.48,45.09,TRADE
TAS1,"2013/01/11 00:30:00",1039.22,44.45,TRADE
TAS1,"2013/01/11 01:00:00",1016.83,42.4,TRADE
TAS1,"2013/01/11 01:30:00",975.05,40.18,TRADE
TAS1,"2013/01/11 02:00:00",999.41,40.79,TRADE
TAS1,"2013/01/11 02:30:00",983.32,40.53,TRADE
TAS1,"2013/01/11 03:00:00",1010.9,42.15,TRADE
TAS1,"2013/01/11 03:30:00",1029.65,43.07,TRADE
TAS1,"2013/01/11 04:00:00",1039.94,43.66,TRADE
TAS1,"2013/01/11 04:30:00",1043.89,44.64,TRADE
TAS1,"2013/01/11 05:00:00",1055.93,46.14,TRADE
TAS1,"2013/01/11 05:30:00",1079.27,47.73,TRADE
TAS1,"2013/01/11 06:00:00",1116.24,42.2,TRADE
TAS1,"2013/01/11 06:30:00",1151.3,43.99,TRADE
TAS1,"2013/01/11 07:00:00",1183.3,45.17,TRADE
TAS1,"2013/01/11 07:30:00",1207.83,45.77,TRADE
TAS1,"2013/01/11 08:00:00",1203.97,45.57,TRADE
TAS1,"2013/01/11 08:30:00",1187.74,45.77,TRADE
TAS1,"2013/01/11 09:00:00",1186.99,46.41,TRADE
TAS1,"2013/01/11 09:30:00",1193.13,47.29,TRADE
TAS1,"2013/01/11 10:00:00",1175.83,40.7,TRADE
TAS1,"2013/01/11 10:30:00",1160.79,39.71,TRADE
TAS1,"2013/01/11 11:00:00",1171.66,36.71,TRADE
TAS1,"2013/01/11 11:30:00",1154.02,40.5,TRADE
TAS1,"2013/01/11 12:00:00",1147.58,42.33,TRADE
TAS1,"2013/01/11 12:30:00",1150.26,48.31,TRADE
TAS1,"2013/01/11 13:00:00",1137.21,50.9,TRADE
TAS1,"2013/01/11 13:30:00",1116.67,45.36,TRADE
TAS1,"2013/01/11 14:00:00",1110.56,67.87,TRADE
TAS1,"2013/01/11 14:30:00",1092.58,36.24,TRADE
TAS1,"2013/01/11 15:00:00",1075.34,36.23,TRADE
TAS1,"2013/01/11 15:30:00",1089.23,46.34,TRADE
TAS1,"2013/01/11 16:00:00",1088.29,40.45,TRADE
TAS1,"2013/01/11 16:30:00",1079.47,36.24,TRADE
TAS1,"2013/01/11 17:00:00",1081.18,36.24,TRADE
TAS1,"2013/01/11 17:30:00",1077.03,36.24,TRADE
TAS1,"2013/01/11 18:00:00",1071,36.26,TRADE
TAS1,"2013/01/11 18:30:00",1077.15,36.26,TRADE
TAS1,"2013/01/11 19:00:00",1089.53,36.26,TRADE
TAS1,"2013/01/11 19:30:00",1056.09,36.26,TRADE
TAS1,"2013/01/11 20:00:00",1044.99,36.25,TRADE
TAS1,"2013/01/11 20:30:00",1078.79,45.08,TRADE
TAS1,"2013/01/11 21:00:00",1069.82,45.8,TRADE
TAS1,"2013/01/11 21:30:00",1045.76,44.86,TRADE
TAS1,"2013/01/11 22:00:00",1054.56,44.31,TRADE
TAS1,"2013/01/11 22:30:00",1040.3,51,TRADE
TAS1,"2013/01/11 23:00:00",1031.02,42.43,TRADE
TAS1,"2013/01/11 23:30:00",1027.01,43.43,TRADE
TAS1,"2013/01/12 00:00:00",1010.37,44.72,TRADE
TAS1,"2013/01/12 00:30:00",979.59,41.57,TRADE
TAS1,"2013/01/12 01:00:00",948.53,37.74,TRADE
TAS1,"2013/01/12 01:30:00",990.2,39.62,TRADE
TAS1,"2013/01/12 02:00:00",995.36,45.02,TRADE
TAS1,"2013/01/12 02:30:00",1005.69,44.04,TRADE
TAS1,"2013/01/12 03:00:00",999.1,43.96,TRADE
TAS1,"2013/01/12 03:30:00",994.01,43.88,TRADE
TAS1,"2013/01/12 04:00:00",990.89,42.61,TRADE
TAS1,"2013/01/12 04:30:00",983,41.21,TRADE
TAS1,"2013/01/12 05:00:00",992.75,41.4,TRADE
TAS1,"2013/01/12 05:30:00",991.04,40.7,TRADE
TAS1,"2013/01/12 06:00:00",984.45,40.27,TRADE
TAS1,"2013/01/12 06:30:00",1029.44,43.55,TRADE
TAS1,"2013/01/12 07:00:00",1036.65,44.2,TRADE
TAS1,"2013/01/12 07:30:00",1072.18,48.04,TRADE
TAS1,"2013/01/12 08:00:00",1122.13,44.65,TRADE
TAS1,"2013/01/12 08:30:00",1106.34,43.08,TRADE
TAS1,"2013/01/12 09:00:00",1104.75,42.91,TRADE
TAS1,"2013/01/12 09:30:00",1100.53,37.16,TRADE
TAS1,"2013/01/12 10:00:00",1084.51,39.48,TRADE
TAS1,"2013/01/12 10:30:00",1066.3,39.75,TRADE
TAS1,"2013/01/12 11:00:00",1070.61,40.02,TRADE
TAS1,"2013/01/12 11:30:00",1058.37,38.07,TRADE
TAS1,"2013/01/12 12:00:00",1045.75,37.19,TRADE
TAS1,"2013/01/12 12:30:00",1027.13,36.18,TRADE
TAS1,"2013/01/12 13:00:00",1047.08,42,TRADE
TAS1,"2013/01/12 13:30:00",1027.05,41.7,TRADE
TAS1,"2013/01/12 14:00:00",1010.74,40.8,TRADE
TAS1,"2013/01/12 14:30:00",1012.49,40.96,TRADE
TAS1,"2013/01/12 15:00:00",1012.13,40.56,TRADE
TAS1,"2013/01/12 15:30:00",1008.25,40.27,TRADE
TAS1,"2013/01/12 16:00:00",1019.45,41,TRADE
TAS1,"2013/01/12 16:30:00",1032.18,41,TRADE
TAS1,"2013/01/12 17:00:00",1044.74,42.82,TRADE
TAS1,"2013/01/12 17:30:00",1055.62,43.05,TRADE
TAS1,"2013/01/12 18:00:00",1072.75,42.67,TRADE
TAS1,"2013/01/12 18:30:00",1048.24,42.05,TRADE
TAS1,"2013/01/12 19:00:00",1047.11,41.52,TRADE
TAS1,"2013/01/12 19:30:00",1039.95,42.32,TRADE
TAS1,"2013/01/12 20:00:00",1062.83,42.75,TRADE
TAS1,"2013/01/12 20:30:00",1076.55,43.75,TRADE
TAS1,"2013/01/12 21:00:00",1079.23,42.95,TRADE
TAS1,"2013/01/12 21:30:00",1063.84,42.09,TRADE
TAS1,"2013/01/12 22:00:00",1057.16,41.68,TRADE
TAS1,"2013/01/12 22:30:00",1020.6,44.85,TRADE
TAS1,"2013/01/12 23:00:00",999.8,43.98,TRADE
TAS1,"2013/01/12 23:30:00",985.64,44.28,TRADE
TAS1,"2013/01/13 00:00:00",985.93,45.49,TRADE
TAS1,"2013/01/13 00:30:00",989.3,44.25,TRADE
TAS1,"2013/01/13 01:00:00",974.12,42.51,TRADE
TAS1,"2013/01/13 01:30:00",977.74,43.04,TRADE
TAS1,"2013/01/13 02:00:00",967.37,42.48,TRADE
TAS1,"2013/01/13 02:30:00",967.46,40.69,TRADE
TAS1,"2013/01/13 03:00:00",965.73,40.31,TRADE
TAS1,"2013/01/13 03:30:00",967.58,40.97,TRADE
TAS1,"2013/01/13 04:00:00",969.28,41.3,TRADE
TAS1,"2013/01/13 04:30:00",983.59,42.27,TRADE
TAS1,"2013/01/13 05:00:00",988.36,41.93,TRADE
TAS1,"2013/01/13 05:30:00",998.7,41.24,TRADE
TAS1,"2013/01/13 06:00:00",995.99,40.94,TRADE
TAS1,"2013/01/13 06:30:00",1033.09,42.36,TRADE
TAS1,"2013/01/13 07:00:00",1053.48,43.91,TRADE
TAS1,"2013/01/13 07:30:00",1079.02,43.42,TRADE
TAS1,"2013/01/13 08:00:00",1104.52,46.71,TRADE
TAS1,"2013/01/13 08:30:00",1115.01,44,TRADE
TAS1,"2013/01/13 09:00:00",1124.21,44.33,TRADE
TAS1,"2013/01/13 09:30:00",1106.62,44.26,TRADE
TAS1,"2013/01/13 10:00:00",1101.7,44.34,TRADE
TAS1,"2013/01/13 10:30:00",1125.09,44.67,TRADE
TAS1,"2013/01/13 11:00:00",1075.22,44.06,TRADE
TAS1,"2013/01/13 11:30:00",1091.07,43.89,TRADE
TAS1,"2013/01/13 12:00:00",1083.49,43.95,TRADE
TAS1,"2013/01/13 12:30:00",976.71,42.28,TRADE
TAS1,"2013/01/13 13:00:00",1055.45,42.2,TRADE
TAS1,"2013/01/13 13:30:00",995.66,40.44,TRADE
TAS1,"2013/01/13 14:00:00",1020.27,40.77,TRADE
TAS1,"2013/01/13 14:30:00",1030.62,40.78,TRADE
TAS1,"2013/01/13 15:00:00",1014.87,40.43,TRADE
TAS1,"2013/01/13 15:30:00",990.26,40.82,TRADE
TAS1,"2013/01/13 16:00:00",1004.82,40.96,TRADE
TAS1,"2013/01/13 16:30:00",1013.01,40.99,TRADE
TAS1,"2013/01/13 17:00:00",1020.33,41.2,TRADE
TAS1,"2013/01/13 17:30:00",1028.54,40.34,TRADE
TAS1,"2013/01/13 18:00:00",1029.7,39.93,TRADE
TAS1,"2013/01/13 18:30:00",1013.75,40.12,TRADE
TAS1,"2013/01/13 19:00:00",1015.35,39.63,TRADE
TAS1,"2013/01/13 19:30:00",1026.93,41.95,TRADE
TAS1,"2013/01/13 20:00:00",1033.91,42.05,TRADE
TAS1,"2013/01/13 20:30:00",1032.3,43.06,TRADE
TAS1,"2013/01/13 21:00:00",1026.73,42.75,TRADE
TAS1,"2013/01/13 21:30:00",1001.09,41.97,TRADE
TAS1,"2013/01/13 22:00:00",990.5,40.19,TRADE
TAS1,"2013/01/13 22:30:00",982.59,42.21,TRADE
TAS1,"2013/01/13 23:00:00",948.52,1279.73,TRADE
TAS1,"2013/01/13 23:30:00",921.71,93.62,TRADE
TAS1,"2013/01/14 00:00:00",942.31,45.35,TRADE
TAS1,"2013/01/14 00:30:00",937.63,44.35,TRADE
TAS1,"2013/01/14 01:00:00",959.75,43.32,TRADE
TAS1,"2013/01/14 01:30:00",960.56,70.24,TRADE
TAS1,"2013/01/14 02:00:00",965.09,41.4,TRADE
TAS1,"2013/01/14 02:30:00",973.98,40.82,TRADE
TAS1,"2013/01/14 03:00:00",991.57,41.45,TRADE
TAS1,"2013/01/14 03:30:00",1006.32,41.82,TRADE
TAS1,"2013/01/14 04:00:00",1006.32,42.29,TRADE
TAS1,"2013/01/14 04:30:00",1036.42,44.22,TRADE
TAS1,"2013/01/14 05:00:00",1058.16,63.03,TRADE
TAS1,"2013/01/14 05:30:00",1087.47,45.04,TRADE
TAS1,"2013/01/14 06:00:00",1129.82,81.77,TRADE
TAS1,"2013/01/14 06:30:00",1196.14,45.08,TRADE
TAS1,"2013/01/14 07:00:00",1216.02,45.05,TRADE
TAS1,"2013/01/14 07:30:00",1223.79,46.19,TRADE
TAS1,"2013/01/14 08:00:00",1223.62,46.14,TRADE
TAS1,"2013/01/14 08:30:00",1223.62,46.31,TRADE
TAS1,"2013/01/14 09:00:00",1215.59,45.26,TRADE
TAS1,"2013/01/14 09:30:00",1197.47,47.01,TRADE
TAS1,"2013/01/14 10:00:00",1176.6,45.32,TRADE
TAS1,"2013/01/14 10:30:00",1171.92,45.63,TRADE
TAS1,"2013/01/14 11:00:00",1166.91,44.89,TRADE
TAS1,"2013/01/14 11:30:00",1162.35,44.19,TRADE
TAS1,"2013/01/14 12:00:00",1140.58,42.27,TRADE
TAS1,"2013/01/14 12:30:00",1142.09,42.14,TRADE
TAS1,"2013/01/14 13:00:00",1127.73,42,TRADE
TAS1,"2013/01/14 13:30:00",1146.5,42.63,TRADE
TAS1,"2013/01/14 14:00:00",1127.52,44.39,TRADE
TAS1,"2013/01/14 14:30:00",1131.55,44.26,TRADE
TAS1,"2013/01/14 15:00:00",1121.47,42.64,TRADE
TAS1,"2013/01/14 15:30:00",1124.91,42.12,TRADE
TAS1,"2013/01/14 16:00:00",1127.12,42.14,TRADE
TAS1,"2013/01/14 16:30:00",1144.31,43.4,TRADE
TAS1,"2013/01/14 17:00:00",1154.91,44.54,TRADE
TAS1,"2013/01/14 17:30:00",1156.07,43.56,TRADE
TAS1,"2013/01/14 18:00:00",1155.59,42.01,TRADE
TAS1,"2013/01/14 18:30:00",1162.38,41.47,TRADE
TAS1,"2013/01/14 19:00:00",1144.95,41.64,TRADE
TAS1,"2013/01/14 19:30:00",1141.71,50.54,TRADE
TAS1,"2013/01/14 20:00:00",1155.38,46.84,TRADE
TAS1,"2013/01/14 20:30:00",1173.07,43.23,TRADE
TAS1,"2013/01/14 21:00:00",1162.27,43.76,TRADE
TAS1,"2013/01/14 21:30:00",1152.09,43.42,TRADE
TAS1,"2013/01/14 22:00:00",1118.98,44.23,TRADE
TAS1,"2013/01/14 22:30:00",1093.65,43.57,TRADE
TAS1,"2013/01/14 23:00:00",1076.87,43.04,TRADE
TAS1,"2013/01/14 23:30:00",1057.63,43.14,TRADE
TAS1,"2013/01/15 00:00:00",1047.33,45.11,TRADE
TAS1,"2013/01/15 00:30:00",1038.68,43.3,TRADE
TAS1,"2013/01/15 01:00:00",1034.81,42.1,TRADE
TAS1,"2013/01/15 01:30:00",1036.25,42.56,TRADE
TAS1,"2013/01/15 02:00:00",1040.43,42.7,TRADE
TAS1,"2013/01/15 02:30:00",1045.41,41.39,TRADE
TAS1,"2013/01/15 03:00:00",1040.53,40.84,TRADE
TAS1,"2013/01/15 03:30:00",1042.91,40.42,TRADE
TAS1,"2013/01/15 04:00:00",1043.66,40.88,TRADE
TAS1,"2013/01/15 04:30:00",1051.53,41.65,TRADE
TAS1,"2013/01/15 05:00:00",1065.12,43.47,TRADE
TAS1,"2013/01/15 05:30:00",1076.78,44.61,TRADE
TAS1,"2013/01/15 06:00:00",1140.32,44.16,TRADE
TAS1,"2013/01/15 06:30:00",1192.27,41.73,TRADE
TAS1,"2013/01/15 07:00:00",1186.54,46.38,TRADE
TAS1,"2013/01/15 07:30:00",1198.86,44.73,TRADE
TAS1,"2013/01/15 08:00:00",1196.37,45.69,TRADE
TAS1,"2013/01/15 08:30:00",1222.5,45.83,TRADE
TAS1,"2013/01/15 09:00:00",1217.19,45.83,TRADE
TAS1,"2013/01/15 09:30:00",1201.11,45.13,TRADE
TAS1,"2013/01/15 10:00:00",1206.99,46.85,TRADE
TAS1,"2013/01/15 10:30:00",1198.07,46.46,TRADE
TAS1,"2013/01/15 11:00:00",1193.77,46.38,TRADE
TAS1,"2013/01/15 11:30:00",1191.31,45.57,TRADE
TAS1,"2013/01/15 12:00:00",1182.75,55.26,TRADE
TAS1,"2013/01/15 12:30:00",1185.82,46.53,TRADE
TAS1,"2013/01/15 13:00:00",1185.03,46.49,TRADE
TAS1,"2013/01/15 13:30:00",1172.92,45.78,TRADE
TAS1,"2013/01/15 14:00:00",1160.89,47.08,TRADE
TAS1,"2013/01/15 14:30:00",1166.03,46.64,TRADE
TAS1,"2013/01/15 15:00:00",1150.34,45.74,TRADE
TAS1,"2013/01/15 15:30:00",1137.46,44.67,TRADE
TAS1,"2013/01/15 16:00:00",1130.13,45.22,TRADE
TAS1,"2013/01/15 16:30:00",1142.22,45.12,TRADE
TAS1,"2013/01/15 17:00:00",1155.28,46.05,TRADE
TAS1,"2013/01/15 17:30:00",1148.61,44.51,TRADE
TAS1,"2013/01/15 18:00:00",1133.47,44.13,TRADE
TAS1,"2013/01/15 18:30:00",1137.48,43.97,TRADE
TAS1,"2013/01/15 19:00:00",1104.76,45.06,TRADE
TAS1,"2013/01/15 19:30:00",1123.98,44.91,TRADE
TAS1,"2013/01/15 20:00:00",1138.73,44.91,TRADE
TAS1,"2013/01/15 20:30:00",1163.1,49.17,TRADE
TAS1,"2013/01/15 21:00:00",1142.36,41.36,TRADE
TAS1,"2013/01/15 21:30:00",1122.55,40.91,TRADE
TAS1,"2013/01/15 22:00:00",1088.71,44.25,TRADE
TAS1,"2013/01/15 22:30:00",1079.78,42.62,TRADE
TAS1,"2013/01/15 23:00:00",1045.5,42.71,TRADE
TAS1,"2013/01/15 23:30:00",1041.83,43.62,TRADE
TAS1,"2013/01/16 00:00:00",1030.21,44.16,TRADE
TAS1,"2013/01/16 00:30:00",1018.19,43.29,TRADE
TAS1,"2013/01/16 01:00:00",1019.85,44.16,TRADE
TAS1,"2013/01/16 01:30:00",1019.62,45.63,TRADE
TAS1,"2013/01/16 02:00:00",1015.65,44.19,TRADE
TAS1,"2013/01/16 02:30:00",1016.4,40.71,TRADE
TAS1,"2013/01/16 03:00:00",1012.88,39.37,TRADE
TAS1,"2013/01/16 03:30:00",992.49,36.21,TRADE
TAS1,"2013/01/16 04:00:00",991.43,37.48,TRADE
TAS1,"2013/01/16 04:30:00",1008.58,39.55,TRADE
TAS1,"2013/01/16 05:00:00",1025.57,42.32,TRADE
TAS1,"2013/01/16 05:30:00",1057.86,43.09,TRADE
TAS1,"2013/01/16 06:00:00",1091.85,39.25,TRADE
TAS1,"2013/01/16 06:30:00",1128.03,42.15,TRADE
TAS1,"2013/01/16 07:00:00",1160.98,38.46,TRADE
TAS1,"2013/01/16 07:30:00",1176.87,41.3,TRADE
TAS1,"2013/01/16 08:00:00",1178.47,40.72,TRADE
TAS1,"2013/01/16 08:30:00",1176.08,41.38,TRADE
TAS1,"2013/01/16 09:00:00",1160.76,46.51,TRADE
TAS1,"2013/01/16 09:30:00",1151.03,47.15,TRADE
TAS1,"2013/01/16 10:00:00",1150.71,46.66,TRADE
TAS1,"2013/01/16 10:30:00",1148.75,45.45,TRADE
TAS1,"2013/01/16 11:00:00",1154.1,45.09,TRADE
TAS1,"2013/01/16 11:30:00",1157.73,43.98,TRADE
TAS1,"2013/01/16 12:00:00",1139.77,39.17,TRADE
TAS1,"2013/01/16 12:30:00",1123.58,44.19,TRADE
TAS1,"2013/01/16 13:00:00",1120.88,44.01,TRADE
TAS1,"2013/01/16 13:30:00",1120.06,43.42,TRADE
TAS1,"2013/01/16 14:00:00",1131.25,43.62,TRADE
TAS1,"2013/01/16 14:30:00",1126.23,44.56,TRADE
TAS1,"2013/01/16 15:00:00",1120.3,46.19,TRADE
TAS1,"2013/01/16 15:30:00",1109.84,47.24,TRADE
TAS1,"2013/01/16 16:00:00",1120.54,45.08,TRADE
TAS1,"2013/01/16 16:30:00",1145.99,44.74,TRADE
TAS1,"2013/01/16 17:00:00",1148.82,42.33,TRADE
TAS1,"2013/01/16 17:30:00",1137.46,43.28,TRADE
TAS1,"2013/01/16 18:00:00",1138.49,44.41,TRADE
TAS1,"2013/01/16 18:30:00",1145.45,44.16,TRADE
TAS1,"2013/01/16 19:00:00",1147.75,44.99,TRADE
TAS1,"2013/01/16 19:30:00",1175.46,45.45,TRADE
TAS1,"2013/01/16 20:00:00",1193.2,91.53,TRADE
TAS1,"2013/01/16 20:30:00",1193.94,46.36,TRADE
TAS1,"2013/01/16 21:00:00",1183.61,46.77,TRADE
TAS1,"2013/01/16 21:30:00",1164.74,45.83,TRADE
TAS1,"2013/01/16 22:00:00",1140.75,44.97,TRADE
TAS1,"2013/01/16 22:30:00",1105.89,42.04,TRADE
TAS1,"2013/01/16 23:00:00",1087.39,38.47,TRADE
TAS1,"2013/01/16 23:30:00",1071.11,38.17,TRADE
TAS1,"2013/01/17 00:00:00",1052.63,38.55,TRADE
TAS1,"2013/01/17 00:30:00",1038.6,39.37,TRADE
TAS1,"2013/01/17 01:00:00",1040.55,40.14,TRADE
TAS1,"2013/01/17 01:30:00",1039.83,38.71,TRADE
TAS1,"2013/01/17 02:00:00",1039.36,38.03,TRADE
TAS1,"2013/01/17 02:30:00",1033.18,36.29,TRADE
TAS1,"2013/01/17 03:00:00",1025.71,35.66,TRADE
TAS1,"2013/01/17 03:30:00",1024.52,36.05,TRADE
TAS1,"2013/01/17 04:00:00",1017.95,35.53,TRADE
TAS1,"2013/01/17 04:30:00",1006.46,36.66,TRADE
TAS1,"2013/01/17 05:00:00",1022.58,38.37,TRADE
TAS1,"2013/01/17 05:30:00",1061.66,43.31,TRADE
TAS1,"2013/01/17 06:00:00",1088.02,39.5,TRADE
TAS1,"2013/01/17 06:30:00",1123.8,41.13,TRADE
TAS1,"2013/01/17 07:00:00",1154.17,43.35,TRADE
TAS1,"2013/01/17 07:30:00",1159.86,45.36,TRADE
TAS1,"2013/01/17 08:00:00",1175.55,46.42,TRADE
TAS1,"2013/01/17 08:30:00",1156.06,46.3,TRADE
TAS1,"2013/01/17 09:00:00",1138.8,46,TRADE
TAS1,"2013/01/17 09:30:00",1122.05,44.6,TRADE
TAS1,"2013/01/17 10:00:00",1094.96,43.94,TRADE
TAS1,"2013/01/17 10:30:00",1090.44,43.6,TRADE
TAS1,"2013/01/17 11:00:00",1095.82,42.67,TRADE
TAS1,"2013/01/17 11:30:00",1089.78,36.22,TRADE
TAS1,"2013/01/17 12:00:00",1072.24,36.19,TRADE
TAS1,"2013/01/17 12:30:00",1049.77,36.85,TRADE
TAS1,"2013/01/17 13:00:00",1049.82,38.15,TRADE
TAS1,"2013/01/17 13:30:00",1050.45,37.55,TRADE
TAS1,"2013/01/17 14:00:00",1051.93,37.43,TRADE
TAS1,"2013/01/17 14:30:00",1068.17,36.45,TRADE
TAS1,"2013/01/17 15:00:00",1058.42,36.24,TRADE
TAS1,"2013/01/17 15:30:00",1072.89,36.26,TRADE
TAS1,"2013/01/17 16:00:00",1092.52,39,TRADE
TAS1,"2013/01/17 16:30:00",1085.34,38.58,TRADE
TAS1,"2013/01/17 17:00:00",1095.86,36.27,TRADE
TAS1,"2013/01/17 17:30:00",1099.99,36.28,TRADE
TAS1,"2013/01/17 18:00:00",1076.03,36.24,TRADE
TAS1,"2013/01/17 18:30:00",1062.7,36.24,TRADE
TAS1,"2013/01/17 19:00:00",1035.14,36.25,TRADE
TAS1,"2013/01/17 19:30:00",1057.13,43.71,TRADE
TAS1,"2013/01/17 20:00:00",1079.79,47.57,TRADE
TAS1,"2013/01/17 20:30:00",1063.79,45.67,TRADE
TAS1,"2013/01/17 21:00:00",1101.67,45.28,TRADE
TAS1,"2013/01/17 21:30:00",1092.17,43.97,TRADE
TAS1,"2013/01/17 22:00:00",1069.14,41.41,TRADE
TAS1,"2013/01/17 22:30:00",1041.05,46.41,TRADE
TAS1,"2013/01/17 23:00:00",1016.87,36.22,TRADE
TAS1,"2013/01/17 23:30:00",1017.74,36.22,TRADE
TAS1,"2013/01/18 00:00:00",1014.95,36.94,TRADE
TAS1,"2013/01/18 00:30:00",1007.18,45.48,TRADE
TAS1,"2013/01/18 01:00:00",960.87,43.48,TRADE
TAS1,"2013/01/18 01:30:00",912.21,43.56,TRADE
TAS1,"2013/01/18 02:00:00",922.85,42.89,TRADE
TAS1,"2013/01/18 02:30:00",923.97,54.82,TRADE
TAS1,"2013/01/18 03:00:00",937.62,53.54,TRADE
TAS1,"2013/01/18 03:30:00",928.87,43.54,TRADE
TAS1,"2013/01/18 04:00:00",923.44,43.57,TRADE
TAS1,"2013/01/18 04:30:00",945.69,56.07,TRADE
TAS1,"2013/01/18 05:00:00",957.15,46.01,TRADE
TAS1,"2013/01/18 05:30:00",969.14,45.02,TRADE
TAS1,"2013/01/18 06:00:00",1023.85,45.98,TRADE
TAS1,"2013/01/18 06:30:00",1025.98,47.81,TRADE
TAS1,"2013/01/18 07:00:00",1044.64,48.18,TRADE
TAS1,"2013/01/18 07:30:00",1049.69,45.42,TRADE
TAS1,"2013/01/18 08:00:00",1060.83,46.84,TRADE
TAS1,"2013/01/18 08:30:00",1138,92.84,TRADE
TAS1,"2013/01/18 09:00:00",1092.91,47.67,TRADE
TAS1,"2013/01/18 09:30:00",1083.06,43.87,TRADE
TAS1,"2013/01/18 10:00:00",1059.35,42.21,TRADE
TAS1,"2013/01/18 10:30:00",1074.74,43,TRADE
TAS1,"2013/01/18 11:00:00",1076.72,46.03,TRADE
TAS1,"2013/01/18 11:30:00",1075.58,36.66,TRADE
TAS1,"2013/01/18 12:00:00",1031.46,36.22,TRADE
TAS1,"2013/01/18 12:30:00",994.37,36.19,TRADE
TAS1,"2013/01/18 13:00:00",1000.5,36.34,TRADE
TAS1,"2013/01/18 13:30:00",1016.12,24.7,TRADE
TAS1,"2013/01/18 14:00:00",1038.63,32.4,TRADE
TAS1,"2013/01/18 14:30:00",1049.65,26.55,TRADE
TAS1,"2013/01/18 15:00:00",1060.34,11.52,TRADE
TAS1,"2013/01/18 15:30:00",1055.41,-21.36,TRADE
TAS1,"2013/01/18 16:00:00",1076.01,22.24,TRADE
TAS1,"2013/01/18 16:30:00",1078.94,9.51,TRADE
TAS1,"2013/01/18 17:00:00",1096.76,18.1,TRADE
TAS1,"2013/01/18 17:30:00",1108.65,36.2,TRADE
TAS1,"2013/01/18 18:00:00",1100.29,36.23,TRADE
TAS1,"2013/01/18 18:30:00",1061.78,36.2,TRADE
TAS1,"2013/01/18 19:00:00",1051.87,39.76,TRADE
TAS1,"2013/01/18 19:30:00",1058.7,41.1,TRADE
TAS1,"2013/01/18 20:00:00",1063.7,42.61,TRADE
TAS1,"2013/01/18 20:30:00",1082.91,42.95,TRADE
TAS1,"2013/01/18 21:00:00",1067.08,42.84,TRADE
TAS1,"2013/01/18 21:30:00",1064.21,42.27,TRADE
TAS1,"2013/01/18 22:00:00",1037.65,41.45,TRADE
TAS1,"2013/01/18 22:30:00",1006.21,45.15,TRADE
TAS1,"2013/01/18 23:00:00",985.61,42.16,TRADE
TAS1,"2013/01/18 23:30:00",972.9,43.83,TRADE
TAS1,"2013/01/19 00:00:00",983.19,45.54,TRADE
TAS1,"2013/01/19 00:30:00",978.18,41.95,TRADE
TAS1,"2013/01/19 01:00:00",956.47,44.02,TRADE
TAS1,"2013/01/19 01:30:00",956.95,45.59,TRADE
TAS1,"2013/01/19 02:00:00",974.55,50.15,TRADE
TAS1,"2013/01/19 02:30:00",974.17,50.15,TRADE
TAS1,"2013/01/19 03:00:00",954.5,43.46,TRADE
TAS1,"2013/01/19 03:30:00",959.86,49.1,TRADE
TAS1,"2013/01/19 04:00:00",957.24,45.98,TRADE
TAS1,"2013/01/19 04:30:00",936.5,41.04,TRADE
TAS1,"2013/01/19 05:00:00",944.47,41.41,TRADE
TAS1,"2013/01/19 05:30:00",942.92,41.41,TRADE
TAS1,"2013/01/19 06:00:00",972.54,41.43,TRADE
TAS1,"2013/01/19 06:30:00",1009.25,41.41,TRADE
TAS1,"2013/01/19 07:00:00",1033.78,42.26,TRADE
TAS1,"2013/01/19 07:30:00",1078.68,44.11,TRADE
TAS1,"2013/01/19 08:00:00",1099.78,43.73,TRADE
TAS1,"2013/01/19 08:30:00",1096.74,42.46,TRADE
TAS1,"2013/01/19 09:00:00",1088.03,43.61,TRADE
TAS1,"2013/01/19 09:30:00",1093.52,43.99,TRADE
TAS1,"2013/01/19 10:00:00",1066.64,43.66,TRADE
TAS1,"2013/01/19 10:30:00",1065.94,43.15,TRADE
TAS1,"2013/01/19 11:00:00",1067.49,43.44,TRADE
TAS1,"2013/01/19 11:30:00",1076.02,45.4,TRADE
TAS1,"2013/01/19 12:00:00",1065.11,45.22,TRADE
TAS1,"2013/01/19 12:30:00",1055.64,44.45,TRADE
TAS1,"2013/01/19 13:00:00",1058.74,46.48,TRADE
TAS1,"2013/01/19 13:30:00",1038.8,44.33,TRADE
TAS1,"2013/01/19 14:00:00",1037.06,45.9,TRADE
TAS1,"2013/01/19 14:30:00",1045.05,56.14,TRADE
TAS1,"2013/01/19 15:00:00",1044.54,56.06,TRADE
TAS1,"2013/01/19 15:30:00",1037.83,43.23,TRADE
TAS1,"2013/01/19 16:00:00",1054.58,43.41,TRADE
TAS1,"2013/01/19 16:30:00",1059.22,52.36,TRADE
TAS1,"2013/01/19 17:00:00",1090.7,42.62,TRADE
TAS1,"2013/01/19 17:30:00",1098.53,52.08,TRADE
TAS1,"2013/01/19 18:00:00",1108.08,42.71,TRADE
TAS1,"2013/01/19 18:30:00",1120.86,43.37,TRADE
TAS1,"2013/01/19 19:00:00",1111.81,42.94,TRADE
TAS1,"2013/01/19 19:30:00",1094.21,42.73,TRADE
TAS1,"2013/01/19 20:00:00",1098.56,42.85,TRADE
TAS1,"2013/01/19 20:30:00",1119.36,43.03,TRADE
TAS1,"2013/01/19 21:00:00",1120.86,43.02,TRADE
TAS1,"2013/01/19 21:30:00",1118.37,42.5,TRADE
TAS1,"2013/01/19 22:00:00",1090.34,39.73,TRADE
TAS1,"2013/01/19 22:30:00",1065.27,42.66,TRADE
TAS1,"2013/01/19 23:00:00",1056.07,41.7,TRADE
TAS1,"2013/01/19 23:30:00",1035.98,42.61,TRADE
TAS1,"2013/01/20 00:00:00",1016.7,41.56,TRADE
TAS1,"2013/01/20 00:30:00",1016.52,39.33,TRADE
TAS1,"2013/01/20 01:00:00",1022.51,38.38,TRADE
TAS1,"2013/01/20 01:30:00",1013.11,39.71,TRADE
TAS1,"2013/01/20 02:00:00",1009.77,40.17,TRADE
TAS1,"2013/01/20 02:30:00",1008.49,39.08,TRADE
TAS1,"2013/01/20 03:00:00",1008.52,38.68,TRADE
TAS1,"2013/01/20 03:30:00",1000.61,38.36,TRADE
TAS1,"2013/01/20 04:00:00",997.15,38.02,TRADE
TAS1,"2013/01/20 04:30:00",1002.25,38.07,TRADE
TAS1,"2013/01/20 05:00:00",1005.33,38.06,TRADE
TAS1,"2013/01/20 05:30:00",1007.08,38,TRADE
TAS1,"2013/01/20 06:00:00",1016.97,37.73,TRADE
TAS1,"2013/01/20 06:30:00",1031.23,38.08,TRADE
TAS1,"2013/01/20 07:00:00",1043.97,38.55,TRADE
TAS1,"2013/01/20 07:30:00",1062.63,38.3,TRADE
TAS1,"2013/01/20 08:00:00",1085.46,38.87,TRADE
TAS1,"2013/01/20 08:30:00",1084.05,40.53,TRADE
TAS1,"2013/01/20 09:00:00",1071.81,41.84,TRADE
TAS1,"2013/01/20 09:30:00",1079.24,43.33,TRADE
TAS1,"2013/01/20 10:00:00",1074.62,43.57,TRADE
TAS1,"2013/01/20 10:30:00",1065.24,43.57,TRADE
TAS1,"2013/01/20 11:00:00",1045.68,42.92,TRADE
TAS1,"2013/01/20 11:30:00",1045.46,42.81,TRADE
TAS1,"2013/01/20 12:00:00",1030.55,42.85,TRADE
TAS1,"2013/01/20 12:30:00",1017.59,42.75,TRADE
TAS1,"2013/01/20 13:00:00",1001.37,42.64,TRADE
TAS1,"2013/01/20 13:30:00",994.8,42.52,TRADE
TAS1,"2013/01/20 14:00:00",998.61,42.71,TRADE
TAS1,"2013/01/20 14:30:00",997.84,42.96,TRADE
TAS1,"2013/01/20 15:00:00",1013.08,43.98,TRADE
TAS1,"2013/01/20 15:30:00",1016.77,42.28,TRADE
TAS1,"2013/01/20 16:00:00",1043.42,43.44,TRADE
TAS1,"2013/01/20 16:30:00",1084.17,42.52,TRADE
TAS1,"2013/01/20 17:00:00",1096.11,43.15,TRADE
TAS1,"2013/01/20 17:30:00",1116.42,43.04,TRADE
TAS1,"2013/01/20 18:00:00",1111.56,43.56,TRADE
TAS1,"2013/01/20 18:30:00",1096.92,42.6,TRADE
TAS1,"2013/01/20 19:00:00",1087.05,41.52,TRADE
TAS1,"2013/01/20 19:30:00",1090.06,41.74,TRADE
TAS1,"2013/01/20 20:00:00",1115.16,42.24,TRADE
TAS1,"2013/01/20 20:30:00",1116.51,43.37,TRADE
TAS1,"2013/01/20 21:00:00",1133.1,63.25,TRADE
TAS1,"2013/01/20 21:30:00",1114.85,42.46,TRADE
TAS1,"2013/01/20 22:00:00",1099.57,42.1,TRADE
TAS1,"2013/01/20 22:30:00",1076.52,41.68,TRADE
TAS1,"2013/01/20 23:00:00",1060.45,41.47,TRADE
TAS1,"2013/01/20 23:30:00",1056.48,41.97,TRADE
TAS1,"2013/01/21 00:00:00",1046.68,42.34,TRADE
TAS1,"2013/01/21 00:30:00",1044.72,41.53,TRADE
TAS1,"2013/01/21 01:00:00",1038.81,41.43,TRADE
TAS1,"2013/01/21 01:30:00",1033.89,41.43,TRADE
TAS1,"2013/01/21 02:00:00",1029.18,41.43,TRADE
TAS1,"2013/01/21 02:30:00",1019.04,41.43,TRADE
TAS1,"2013/01/21 03:00:00",1016.14,41.43,TRADE
TAS1,"2013/01/21 03:30:00",1032.04,41.44,TRADE
TAS1,"2013/01/21 04:00:00",1026.3,41.43,TRADE
TAS1,"2013/01/21 04:30:00",1039.99,41.96,TRADE
TAS1,"2013/01/21 05:00:00",1055.48,41.91,TRADE
TAS1,"2013/01/21 05:30:00",1094.41,43.23,TRADE
TAS1,"2013/01/21 06:00:00",1093.54,2544.07,TRADE
TAS1,"2013/01/21 06:30:00",1081.14,44.74,TRADE
TAS1,"2013/01/21 07:00:00",1123.19,45.78,TRADE
TAS1,"2013/01/21 07:30:00",1195.64,55.09,TRADE
TAS1,"2013/01/21 08:00:00",1237.07,46.58,TRADE
TAS1,"2013/01/21 08:30:00",1239.22,46.58,TRADE
TAS1,"2013/01/21 09:00:00",1224.99,45.97,TRADE
TAS1,"2013/01/21 09:30:00",1218.12,46.06,TRADE
TAS1,"2013/01/21 10:00:00",1209.75,46.75,TRADE
TAS1,"2013/01/21 10:30:00",1217.02,45.12,TRADE
TAS1,"2013/01/21 11:00:00",1212.06,45.23,TRADE
TAS1,"2013/01/21 11:30:00",1201.5,44.58,TRADE
TAS1,"2013/01/21 12:00:00",1197.89,42.64,TRADE
TAS1,"2013/01/21 12:30:00",1167.25,42.35,TRADE
TAS1,"2013/01/21 13:00:00",1168.7,42.91,TRADE
TAS1,"2013/01/21 13:30:00",1186.37,44.12,TRADE
TAS1,"2013/01/21 14:00:00",1178.14,43.59,TRADE
TAS1,"2013/01/21 14:30:00",1171.31,44.97,TRADE
TAS1,"2013/01/21 15:00:00",1177.31,45.7,TRADE
TAS1,"2013/01/21 15:30:00",1176.87,45.29,TRADE
TAS1,"2013/01/21 16:00:00",1096.71,41.06,TRADE
TAS1,"2013/01/21 16:30:00",1188.6,44.01,TRADE
TAS1,"2013/01/21 17:00:00",1198.1,43.73,TRADE
TAS1,"2013/01/21 17:30:00",1194.18,42.67,TRADE
TAS1,"2013/01/21 18:00:00",1165.49,45.51,TRADE
TAS1,"2013/01/21 18:30:00",1158.34,42.75,TRADE
TAS1,"2013/01/21 19:00:00",1145.11,42.36,TRADE
TAS1,"2013/01/21 19:30:00",1161.61,42.45,TRADE
TAS1,"2013/01/21 20:00:00",1181.55,43.03,TRADE
TAS1,"2013/01/21 20:30:00",1180.91,43.1,TRADE
TAS1,"2013/01/21 21:00:00",1165.48,42.14,TRADE
TAS1,"2013/01/21 21:30:00",1150.29,41.6,TRADE
TAS1,"2013/01/21 22:00:00",1120.53,53.47,TRADE
TAS1,"2013/01/21 22:30:00",1056.61,56.01,TRADE
TAS1,"2013/01/21 23:00:00",1056.19,42.31,TRADE
TAS1,"2013/01/21 23:30:00",1046.39,42.98,TRADE
TAS1,"2013/01/22 00:00:00",1047.29,45,TRADE
TAS1,"2013/01/22 00:30:00",1046.56,41.86,TRADE
TAS1,"2013/01/22 01:00:00",1039.03,40.09,TRADE
TAS1,"2013/01/22 01:30:00",1021.49,40.95,TRADE
TAS1,"2013/01/22 02:00:00",1017.08,40.56,TRADE
TAS1,"2013/01/22 02:30:00",1018.57,40.09,TRADE
TAS1,"2013/01/22 03:00:00",1008.76,38.9,TRADE
TAS1,"2013/01/22 03:30:00",1014.81,39.55,TRADE
TAS1,"2013/01/22 04:00:00",1017.3,40.17,TRADE
TAS1,"2013/01/22 04:30:00",1037.29,40.43,TRADE
TAS1,"2013/01/22 05:00:00",1047.65,41.91,TRADE
TAS1,"2013/01/22 05:30:00",1070.89,45.11,TRADE
TAS1,"2013/01/22 06:00:00",1109.2,41.79,TRADE
TAS1,"2013/01/22 06:30:00",1139.53,42.39,TRADE
TAS1,"2013/01/22 07:00:00",1161.55,43.78,TRADE
TAS1,"2013/01/22 07:30:00",1150.52,42.01,TRADE
TAS1,"2013/01/22 08:00:00",1145.28,42.33,TRADE
TAS1,"2013/01/22 08:30:00",1151.86,42.27,TRADE
TAS1,"2013/01/22 09:00:00",1144.74,41.49,TRADE
TAS1,"2013/01/22 09:30:00",1130.56,41.77,TRADE
TAS1,"2013/01/22 10:00:00",1139.37,41.6,TRADE
TAS1,"2013/01/22 10:30:00",1143.75,42.09,TRADE
TAS1,"2013/01/22 11:00:00",1137.65,41.9,TRADE
TAS1,"2013/01/22 11:30:00",1109.19,41.1,TRADE
TAS1,"2013/01/22 12:00:00",1115.6,41.28,TRADE
TAS1,"2013/01/22 12:30:00",1111.5,43.5,TRADE
TAS1,"2013/01/22 13:00:00",1109.49,43.32,TRADE
TAS1,"2013/01/22 13:30:00",1102.07,43.46,TRADE
TAS1,"2013/01/22 14:00:00",1107.59,43.41,TRADE
TAS1,"2013/01/22 14:30:00",1105.48,43.41,TRADE
TAS1,"2013/01/22 15:00:00",1114.88,42.67,TRADE
TAS1,"2013/01/22 15:30:00",1097.5,41.14,TRADE
TAS1,"2013/01/22 16:00:00",1110.28,43.03,TRADE
TAS1,"2013/01/22 16:30:00",1116.4,42.95,TRADE
TAS1,"2013/01/22 17:00:00",1123.78,42.18,TRADE
TAS1,"2013/01/22 17:30:00",1125.89,40.54,TRADE
TAS1,"2013/01/22 18:00:00",1142.38,40.72,TRADE
TAS1,"2013/01/22 18:30:00",1136.48,41.05,TRADE
TAS1,"2013/01/22 19:00:00",1138.36,41.56,TRADE
TAS1,"2013/01/22 19:30:00",1148.63,41.27,TRADE
TAS1,"2013/01/22 20:00:00",1151.88,41.85,TRADE
TAS1,"2013/01/22 20:30:00",1188.23,44.57,TRADE
TAS1,"2013/01/22 21:00:00",1163.27,44.1,TRADE
TAS1,"2013/01/22 21:30:00",1146.06,42.99,TRADE
TAS1,"2013/01/22 22:00:00",1124.85,42.24,TRADE
TAS1,"2013/01/22 22:30:00",1096.28,42.86,TRADE
TAS1,"2013/01/22 23:00:00",1098.88,42.09,TRADE
TAS1,"2013/01/22 23:30:00",1095.66,2185.89,TRADE
TAS1,"2013/01/23 00:00:00",1028.34,100.2,TRADE
TAS1,"2013/01/23 00:30:00",1064.13,42.18,TRADE
TAS1,"2013/01/23 01:00:00",1060.57,41.69,TRADE
TAS1,"2013/01/23 01:30:00",1058.62,41.73,TRADE
TAS1,"2013/01/23 02:00:00",1046.45,41.29,TRADE
TAS1,"2013/01/23 02:30:00",1040.53,40.52,TRADE
TAS1,"2013/01/23 03:00:00",1042.58,40.13,TRADE
TAS1,"2013/01/23 03:30:00",1043.51,40.13,TRADE
TAS1,"2013/01/23 04:00:00",1045.75,40.69,TRADE
TAS1,"2013/01/23 04:30:00",1056.12,41.34,TRADE
TAS1,"2013/01/23 05:00:00",1077.19,43.18,TRADE
TAS1,"2013/01/23 05:30:00",1107.98,42.77,TRADE
TAS1,"2013/01/23 06:00:00",1155.05,44.82,TRADE
TAS1,"2013/01/23 06:30:00",1202.48,46.82,TRADE
TAS1,"2013/01/23 07:00:00",1230.23,45.51,TRADE
TAS1,"2013/01/23 07:30:00",1223.93,45.76,TRADE
TAS1,"2013/01/23 08:00:00",1212.13,46.48,TRADE
TAS1,"2013/01/23 08:30:00",1199.23,44.42,TRADE
TAS1,"2013/01/23 09:00:00",1203.28,44.44,TRADE
TAS1,"2013/01/23 09:30:00",1185.65,43.34,TRADE
TAS1,"2013/01/23 10:00:00",1192.18,40.86,TRADE
TAS1,"2013/01/23 10:30:00",1182.66,40.53,TRADE
TAS1,"2013/01/23 11:00:00",1182.4,42.39,TRADE
TAS1,"2013/01/23 11:30:00",1165.96,42.13,TRADE
TAS1,"2013/01/23 12:00:00",1136.26,36.28,TRADE
TAS1,"2013/01/23 12:30:00",1124.17,43.25,TRADE
TAS1,"2013/01/23 13:00:00",1130.01,44.01,TRADE
TAS1,"2013/01/23 13:30:00",1097.89,43.05,TRADE
TAS1,"2013/01/23 14:00:00",1097.56,42.14,TRADE
TAS1,"2013/01/23 14:30:00",1108.75,43.32,TRADE
TAS1,"2013/01/23 15:00:00",1123.63,43.65,TRADE
TAS1,"2013/01/23 15:30:00",1122.19,43.62,TRADE
TAS1,"2013/01/23 16:00:00",1135.74,44.43,TRADE
TAS1,"2013/01/23 16:30:00",1151.2,44.14,TRADE
TAS1,"2013/01/23 17:00:00",1152.79,43.78,TRADE
TAS1,"2013/01/23 17:30:00",1140.69,43.52,TRADE
TAS1,"2013/01/23 18:00:00",1149.37,43.03,TRADE
TAS1,"2013/01/23 18:30:00",1146.46,56.58,TRADE
TAS1,"2013/01/23 19:00:00",1162.41,43.03,TRADE
TAS1,"2013/01/23 19:30:00",1170.67,42.34,TRADE
TAS1,"2013/01/23 20:00:00",1154.79,42.92,TRADE
TAS1,"2013/01/23 20:30:00",1164.37,45.56,TRADE
TAS1,"2013/01/23 21:00:00",1143.9,43.64,TRADE
TAS1,"2013/01/23 21:30:00",1114.51,42.91,TRADE
TAS1,"2013/01/23 22:00:00",1100.5,41.83,TRADE
TAS1,"2013/01/23 22:30:00",1047.31,44.24,TRADE
TAS1,"2013/01/23 23:00:00",1009.51,41.99,TRADE
TAS1,"2013/01/23 23:30:00",971.61,43.67,TRADE
TAS1,"2013/01/24 00:00:00",961.82,45.54,TRADE
TAS1,"2013/01/24 00:30:00",944.6,41.32,TRADE
TAS1,"2013/01/24 01:00:00",929.5,39.11,TRADE
TAS1,"2013/01/24 01:30:00",904.17,38.62,TRADE
TAS1,"2013/01/24 02:00:00",887.98,37.98,TRADE
TAS1,"2013/01/24 02:30:00",890.91,37.6,TRADE
TAS1,"2013/01/24 03:00:00",895.81,37.3,TRADE
TAS1,"2013/01/24 03:30:00",905.55,37.2,TRADE
TAS1,"2013/01/24 04:00:00",925.35,37.31,TRADE
TAS1,"2013/01/24 04:30:00",938.7,38.4,TRADE
TAS1,"2013/01/24 05:00:00",966.18,39.56,TRADE
TAS1,"2013/01/24 05:30:00",994.36,40.32,TRADE
TAS1,"2013/01/24 06:00:00",1047.54,40.89,TRADE
TAS1,"2013/01/24 06:30:00",1077.66,40.17,TRADE
TAS1,"2013/01/24 07:00:00",1085.43,37.46,TRADE
TAS1,"2013/01/24 07:30:00",1091.64,37.31,TRADE
TAS1,"2013/01/24 08:00:00",1076.46,36.18,TRADE
TAS1,"2013/01/24 08:30:00",1075.31,36.18,TRADE
TAS1,"2013/01/24 09:00:00",1077.07,36.18,TRADE
TAS1,"2013/01/24 09:30:00",1066.56,36.18,TRADE
TAS1,"2013/01/24 10:00:00",1068.48,38.74,TRADE
TAS1,"2013/01/24 10:30:00",1057.85,36.73,TRADE
TAS1,"2013/01/24 11:00:00",1068.54,36.75,TRADE
TAS1,"2013/01/24 11:30:00",1048.59,36.15,TRADE
TAS1,"2013/01/24 12:00:00",1045.89,35.65,TRADE
TAS1,"2013/01/24 12:30:00",1068.45,41.52,TRADE
TAS1,"2013/01/24 13:00:00",1071.87,40.56,TRADE
TAS1,"2013/01/24 13:30:00",1000.36,40.21,TRADE
TAS1,"2013/01/24 14:00:00",1063.03,44.94,TRADE
TAS1,"2013/01/24 14:30:00",1060.38,40.22,TRADE
TAS1,"2013/01/24 15:00:00",1058.61,40.22,TRADE
TAS1,"2013/01/24 15:30:00",1048.93,40.22,TRADE
TAS1,"2013/01/24 16:00:00",1077.58,54.11,TRADE
TAS1,"2013/01/24 16:30:00",1104.09,49.54,TRADE
TAS1,"2013/01/24 17:00:00",1111.93,40.23,TRADE
TAS1,"2013/01/24 17:30:00",1103.43,40.23,TRADE
TAS1,"2013/01/24 18:00:00",1110.49,40.23,TRADE
TAS1,"2013/01/24 18:30:00",1085.89,41.09,TRADE
TAS1,"2013/01/24 19:00:00",1084.82,54.51,TRADE
TAS1,"2013/01/24 19:30:00",1106.66,48.01,TRADE
TAS1,"2013/01/24 20:00:00",1121.05,47.08,TRADE
TAS1,"2013/01/24 20:30:00",1122.16,43.96,TRADE
TAS1,"2013/01/24 21:00:00",1097.23,41.84,TRADE
TAS1,"2013/01/24 21:30:00",1073.45,40.18,TRADE
TAS1,"2013/01/24 22:00:00",1026.28,39.06,TRADE
TAS1,"2013/01/24 22:30:00",1011.87,43.69,TRADE
TAS1,"2013/01/24 23:00:00",996.42,37.29,TRADE
TAS1,"2013/01/24 23:30:00",976.08,36.15,TRADE
TAS1,"2013/01/25 00:00:00",941.46,35.53,TRADE
TAS1,"2013/01/25 00:30:00",934.29,35.53,TRADE
TAS1,"2013/01/25 01:00:00",926.61,35.53,TRADE
TAS1,"2013/01/25 01:30:00",914.05,35.35,TRADE
TAS1,"2013/01/25 02:00:00",909.39,39.11,TRADE
TAS1,"2013/01/25 02:30:00",917.78,37.1,TRADE
TAS1,"2013/01/25 03:00:00",909.15,36.33,TRADE
TAS1,"2013/01/25 03:30:00",911.04,35.79,TRADE
TAS1,"2013/01/25 04:00:00",914.4,35.58,TRADE
TAS1,"2013/01/25 04:30:00",960.8,38.79,TRADE
TAS1,"2013/01/25 05:00:00",969.32,39.67,TRADE
TAS1,"2013/01/25 05:30:00",1022.71,42.19,TRADE
TAS1,"2013/01/25 06:00:00",1101.82,42.64,TRADE
TAS1,"2013/01/25 06:30:00",1155.4,40.47,TRADE
TAS1,"2013/01/25 07:00:00",1110.23,37.86,TRADE
TAS1,"2013/01/25 07:30:00",1143,39.54,TRADE
TAS1,"2013/01/25 08:00:00",1070.43,38.31,TRADE
TAS1,"2013/01/25 08:30:00",1137.15,40.34,TRADE
TAS1,"2013/01/25 09:00:00",1141.33,39.93,TRADE
TAS1,"2013/01/25 09:30:00",1168.54,39.32,TRADE
TAS1,"2013/01/25 10:00:00",1160.9,39.41,TRADE
TAS1,"2013/01/25 10:30:00",1091.12,36.35,TRADE
TAS1,"2013/01/25 11:00:00",1126.67,36.18,TRADE
TAS1,"2013/01/25 11:30:00",1116.91,36.18,TRADE
TAS1,"2013/01/25 12:00:00",1079.82,36.09,TRADE
TAS1,"2013/01/25 12:30:00",1008.18,35.61,TRADE
TAS1,"2013/01/25 13:00:00",1030.12,41.05,TRADE
TAS1,"2013/01/25 13:30:00",1029.72,40.16,TRADE
TAS1,"2013/01/25 14:00:00",1030.15,39.26,TRADE
TAS1,"2013/01/25 14:30:00",1049.65,39.16,TRADE
TAS1,"2013/01/25 15:00:00",1044.61,39.16,TRADE
TAS1,"2013/01/25 15:30:00",1074.57,41.23,TRADE
TAS1,"2013/01/25 16:00:00",1098.88,40.91,TRADE
TAS1,"2013/01/25 16:30:00",1042.13,39.37,TRADE
TAS1,"2013/01/25 17:00:00",1036.55,38.9,TRADE
TAS1,"2013/01/25 17:30:00",1026.44,39.17,TRADE
TAS1,"2013/01/25 18:00:00",1038.58,38.88,TRADE
TAS1,"2013/01/25 18:30:00",1036.59,38.82,TRADE
TAS1,"2013/01/25 19:00:00",1045.55,39.69,TRADE
TAS1,"2013/01/25 19:30:00",1031.8,40.47,TRADE
TAS1,"2013/01/25 20:00:00",1060.22,54.68,TRADE
TAS1,"2013/01/25 20:30:00",1087.08,49.99,TRADE
TAS1,"2013/01/25 21:00:00",1099.77,54.84,TRADE
TAS1,"2013/01/25 21:30:00",1116.8,55.97,TRADE
TAS1,"2013/01/25 22:00:00",1095.56,41.08,TRADE
TAS1,"2013/01/25 22:30:00",1062.54,55.61,TRADE
TAS1,"2013/01/25 23:00:00",1073.88,40.72,TRADE
TAS1,"2013/01/25 23:30:00",1061.8,41.59,TRADE
TAS1,"2013/01/26 00:00:00",1053.66,42.85,TRADE
TAS1,"2013/01/26 00:30:00",1041.88,40.77,TRADE
TAS1,"2013/01/26 01:00:00",1032.9,39.18,TRADE
TAS1,"2013/01/26 01:30:00",1026.38,40.95,TRADE
TAS1,"2013/01/26 02:00:00",1019.08,40.33,TRADE
TAS1,"2013/01/26 02:30:00",1012.55,38.83,TRADE
TAS1,"2013/01/26 03:00:00",1008.71,38.68,TRADE
TAS1,"2013/01/26 03:30:00",1000.35,38.31,TRADE
TAS1,"2013/01/26 04:00:00",992.77,37.89,TRADE
TAS1,"2013/01/26 04:30:00",1010.29,38.13,TRADE
TAS1,"2013/01/26 05:00:00",998.18,38.75,TRADE
TAS1,"2013/01/26 05:30:00",1009.66,38,TRADE
TAS1,"2013/01/26 06:00:00",1008.67,38.08,TRADE
TAS1,"2013/01/26 06:30:00",1028.88,40.03,TRADE
TAS1,"2013/01/26 07:00:00",1076.05,86.77,TRADE
TAS1,"2013/01/26 07:30:00",1105.84,40.12,TRADE
TAS1,"2013/01/26 08:00:00",1141.3,42.05,TRADE
TAS1,"2013/01/26 08:30:00",1167.91,42.76,TRADE
TAS1,"2013/01/26 09:00:00",1160.17,42.57,TRADE
TAS1,"2013/01/26 09:30:00",1138.58,42.32,TRADE
TAS1,"2013/01/26 10:00:00",1120.97,42.1,TRADE
TAS1,"2013/01/26 10:30:00",1105.71,42.03,TRADE
TAS1,"2013/01/26 11:00:00",1084,53.18,TRADE
TAS1,"2013/01/26 11:30:00",1046.82,42.4,TRADE
TAS1,"2013/01/26 12:00:00",1011.12,40.04,TRADE
TAS1,"2013/01/26 12:30:00",1021.36,39.7,TRADE
TAS1,"2013/01/26 13:00:00",1021.02,39.67,TRADE
TAS1,"2013/01/26 13:30:00",1012.04,39.55,TRADE
TAS1,"2013/01/26 14:00:00",1011.59,39.71,TRADE
TAS1,"2013/01/26 14:30:00",1016.39,38.86,TRADE
TAS1,"2013/01/26 15:00:00",1022.33,38.65,TRADE
TAS1,"2013/01/26 15:30:00",1009.37,38.19,TRADE
TAS1,"2013/01/26 16:00:00",1030.99,41.13,TRADE
TAS1,"2013/01/26 16:30:00",1060.25,40.51,TRADE
TAS1,"2013/01/26 17:00:00",1093.21,43.97,TRADE
TAS1,"2013/01/26 17:30:00",1120.22,41.42,TRADE
TAS1,"2013/01/26 18:00:00",1120.88,40.02,TRADE
TAS1,"2013/01/26 18:30:00",1122.06,39.35,TRADE
TAS1,"2013/01/26 19:00:00",1120.96,38.33,TRADE
TAS1,"2013/01/26 19:30:00",1119.64,38.81,TRADE
TAS1,"2013/01/26 20:00:00",1124.18,41.06,TRADE
TAS1,"2013/01/26 20:30:00",1125.11,41.67,TRADE
TAS1,"2013/01/26 21:00:00",1119.41,41.37,TRADE
TAS1,"2013/01/26 21:30:00",1105.76,41.4,TRADE
TAS1,"2013/01/26 22:00:00",1084.16,40.31,TRADE
TAS1,"2013/01/26 22:30:00",1061.81,42.11,TRADE
TAS1,"2013/01/26 23:00:00",1044.03,42.16,TRADE
TAS1,"2013/01/26 23:30:00",1011.81,42.34,TRADE
TAS1,"2013/01/27 00:00:00",1004.89,42.76,TRADE
TAS1,"2013/01/27 00:30:00",984.53,40.39,TRADE
TAS1,"2013/01/27 01:00:00",991.07,40.71,TRADE
TAS1,"2013/01/27 01:30:00",982.29,41.84,TRADE
TAS1,"2013/01/27 02:00:00",991.97,43.69,TRADE
TAS1,"2013/01/27 02:30:00",992.02,43.35,TRADE
TAS1,"2013/01/27 03:00:00",990.79,43.43,TRADE
TAS1,"2013/01/27 03:30:00",996.38,43.29,TRADE
TAS1,"2013/01/27 04:00:00",986.23,42.98,TRADE
TAS1,"2013/01/27 04:30:00",1001.05,43.78,TRADE
TAS1,"2013/01/27 05:00:00",1007.22,43.85,TRADE
TAS1,"2013/01/27 05:30:00",1001.52,42.05,TRADE
TAS1,"2013/01/27 06:00:00",981.29,40.16,TRADE
TAS1,"2013/01/27 06:30:00",1000.47,38.6,TRADE
TAS1,"2013/01/27 07:00:00",987.63,35.49,TRADE
TAS1,"2013/01/27 07:30:00",1049.96,39.81,TRADE
TAS1,"2013/01/27 08:00:00",1077.32,41.03,TRADE
TAS1,"2013/01/27 08:30:00",1073.9,42.12,TRADE
TAS1,"2013/01/27 09:00:00",1082.95,42.42,TRADE
TAS1,"2013/01/27 09:30:00",1094.51,42.16,TRADE
TAS1,"2013/01/27 10:00:00",1078.14,61.08,TRADE
TAS1,"2013/01/27 10:30:00",1075.66,51.62,TRADE
TAS1,"2013/01/27 11:00:00",1052.35,45.64,TRADE
TAS1,"2013/01/27 11:30:00",1034.09,45.75,TRADE
TAS1,"2013/01/27 12:00:00",1049.73,44.3,TRADE
TAS1,"2013/01/27 12:30:00",1046.74,43.78,TRADE
TAS1,"2013/01/27 13:00:00",1034.34,53.7,TRADE
TAS1,"2013/01/27 13:30:00",1030.72,41.83,TRADE
TAS1,"2013/01/27 14:00:00",1036.05,40.19,TRADE
TAS1,"2013/01/27 14:30:00",1034.55,40.21,TRADE
TAS1,"2013/01/27 15:00:00",1044.22,40.32,TRADE
TAS1,"2013/01/27 15:30:00",1046.73,40.47,TRADE
TAS1,"2013/01/27 16:00:00",1062.4,40.6,TRADE
TAS1,"2013/01/27 16:30:00",1051.98,2184.06,TRADE
TAS1,"2013/01/27 17:00:00",1023.1,41.08,TRADE
TAS1,"2013/01/27 17:30:00",1079.45,41.86,TRADE
TAS1,"2013/01/27 18:00:00",1097.89,42.12,TRADE
TAS1,"2013/01/27 18:30:00",1098.89,41.92,TRADE
TAS1,"2013/01/27 19:00:00",1104.33,42.83,TRADE
TAS1,"2013/01/27 19:30:00",1114.05,41.68,TRADE
TAS1,"2013/01/27 20:00:00",1117.87,42.01,TRADE
TAS1,"2013/01/27 20:30:00",1140.84,43.8,TRADE
TAS1,"2013/01/27 21:00:00",1143.01,44.36,TRADE
TAS1,"2013/01/27 21:30:00",1125.36,41.4,TRADE
TAS1,"2013/01/27 22:00:00",1106.01,40.74,TRADE
TAS1,"2013/01/27 22:30:00",1088.16,2184.17,TRADE
TAS1,"2013/01/27 23:00:00",1055.57,92.46,TRADE
TAS1,"2013/01/27 23:30:00",1051.62,41.86,TRADE
TAS1,"2013/01/28 00:00:00",1038.21,42.98,TRADE
TAS1,"2013/01/28 00:30:00",1021.77,40.34,TRADE
TAS1,"2013/01/28 01:00:00",1011.95,39.79,TRADE
TAS1,"2013/01/28 01:30:00",1012.91,40.16,TRADE
TAS1,"2013/01/28 02:00:00",1021.94,40.24,TRADE
TAS1,"2013/01/28 02:30:00",1018.27,40.17,TRADE
TAS1,"2013/01/28 03:00:00",1013.52,40.18,TRADE
TAS1,"2013/01/28 03:30:00",1013.88,40.18,TRADE
TAS1,"2013/01/28 04:00:00",1015.35,40.18,TRADE
TAS1,"2013/01/28 04:30:00",1020.92,41.68,TRADE
TAS1,"2013/01/28 05:00:00",1027.78,41.68,TRADE
TAS1,"2013/01/28 05:30:00",1025.95,41.68,TRADE
TAS1,"2013/01/28 06:00:00",1041.47,41.68,TRADE
TAS1,"2013/01/28 06:30:00",1072.21,41.68,TRADE
TAS1,"2013/01/28 07:00:00",1095.66,41.68,TRADE
TAS1,"2013/01/28 07:30:00",1096.06,42.07,TRADE
TAS1,"2013/01/28 08:00:00",1132.56,42.05,TRADE
TAS1,"2013/01/28 08:30:00",1143.73,42.05,TRADE
TAS1,"2013/01/28 09:00:00",1147.45,42,TRADE
TAS1,"2013/01/28 09:30:00",1144.22,41.69,TRADE
TAS1,"2013/01/28 10:00:00",1141.42,41.69,TRADE
TAS1,"2013/01/28 10:30:00",1128.47,41.68,TRADE
TAS1,"2013/01/28 11:00:00",1118.57,41.68,TRADE
TAS1,"2013/01/28 11:30:00",1094.13,41.67,TRADE
TAS1,"2013/01/28 12:00:00",1086.54,41.68,TRADE
TAS1,"2013/01/28 12:30:00",1089.23,41.68,TRADE
TAS1,"2013/01/28 13:00:00",1075.01,41.67,TRADE
TAS1,"2013/01/28 13:30:00",1069.14,41.66,TRADE
TAS1,"2013/01/28 14:00:00",1072.94,41.66,TRADE
TAS1,"2013/01/28 14:30:00",1080.65,41.68,TRADE
TAS1,"2013/01/28 15:00:00",1079.63,41.68,TRADE
TAS1,"2013/01/28 15:30:00",1077.28,41.74,TRADE
TAS1,"2013/01/28 16:00:00",1057.72,41.7,TRADE
TAS1,"2013/01/28 16:30:00",1077.98,41.83,TRADE
TAS1,"2013/01/28 17:00:00",1080.3,41.81,TRADE
TAS1,"2013/01/28 17:30:00",1050.63,41.66,TRADE
TAS1,"2013/01/28 18:00:00",1046.68,41.67,TRADE
TAS1,"2013/01/28 18:30:00",1034.7,41.66,TRADE
TAS1,"2013/01/28 19:00:00",1031.72,41.66,TRADE
TAS1,"2013/01/28 19:30:00",1047.03,41.68,TRADE
TAS1,"2013/01/28 20:00:00",1046.46,41.68,TRADE
TAS1,"2013/01/28 20:30:00",1051.4,41.69,TRADE
TAS1,"2013/01/28 21:00:00",1063.2,41.69,TRADE
TAS1,"2013/01/28 21:30:00",1026.72,41.69,TRADE
TAS1,"2013/01/28 22:00:00",1013.48,41.68,TRADE
TAS1,"2013/01/28 22:30:00",984.99,41.29,TRADE
TAS1,"2013/01/28 23:00:00",958.71,40.51,TRADE
TAS1,"2013/01/28 23:30:00",947.81,41.28,TRADE
TAS1,"2013/01/29 00:00:00",937.36,41.38,TRADE
TAS1,"2013/01/29 00:30:00",936.93,40.06,TRADE
TAS1,"2013/01/29 01:00:00",935.66,38.45,TRADE
TAS1,"2013/01/29 01:30:00",923.9,39.57,TRADE
TAS1,"2013/01/29 02:00:00",912.45,38.07,TRADE
TAS1,"2013/01/29 02:30:00",913.08,37.84,TRADE
TAS1,"2013/01/29 03:00:00",907.27,37.73,TRADE
TAS1,"2013/01/29 03:30:00",915.98,38.09,TRADE
TAS1,"2013/01/29 04:00:00",936.22,38.83,TRADE
TAS1,"2013/01/29 04:30:00",963.15,39.61,TRADE
TAS1,"2013/01/29 05:00:00",973.52,41.45,TRADE
TAS1,"2013/01/29 05:30:00",1011.13,41.78,TRADE
TAS1,"2013/01/29 06:00:00",1072.83,43.83,TRADE
TAS1,"2013/01/29 06:30:00",1107.81,44.59,TRADE
TAS1,"2013/01/29 07:00:00",1138.31,44.45,TRADE
TAS1,"2013/01/29 07:30:00",1134.26,42.82,TRADE
TAS1,"2013/01/29 08:00:00",1154.26,42.6,TRADE
TAS1,"2013/01/29 08:30:00",1144.58,42.34,TRADE
TAS1,"2013/01/29 09:00:00",1141.51,42.16,TRADE
TAS1,"2013/01/29 09:30:00",1122.38,41.73,TRADE
TAS1,"2013/01/29 10:00:00",1094.17,41.75,TRADE
TAS1,"2013/01/29 10:30:00",1090.87,41.8,TRADE
TAS1,"2013/01/29 11:00:00",1089.12,41.8,TRADE
TAS1,"2013/01/29 11:30:00",1063.58,41.72,TRADE
TAS1,"2013/01/29 12:00:00",1045.99,39.75,TRADE
TAS1,"2013/01/29 12:30:00",1038.77,40.66,TRADE
TAS1,"2013/01/29 13:00:00",1025.23,40.43,TRADE
TAS1,"2013/01/29 13:30:00",1021.7,40.77,TRADE
TAS1,"2013/01/29 14:00:00",1024.94,40.02,TRADE
TAS1,"2013/01/29 14:30:00",1021.57,40.59,TRADE
TAS1,"2013/01/29 15:00:00",1031.58,39.86,TRADE
TAS1,"2013/01/29 15:30:00",1042.17,41.08,TRADE
TAS1,"2013/01/29 16:00:00",1028.61,39.15,TRADE
TAS1,"2013/01/29 16:30:00",1108.83,39.29,TRADE
TAS1,"2013/01/29 17:00:00",1112.98,38.75,TRADE
TAS1,"2013/01/29 17:30:00",1102.46,38.29,TRADE
TAS1,"2013/01/29 18:00:00",1103.73,38.29,TRADE
TAS1,"2013/01/29 18:30:00",1085.03,39.97,TRADE
TAS1,"2013/01/29 19:00:00",1106.98,37.72,TRADE
TAS1,"2013/01/29 19:30:00",1094.27,37.28,TRADE
TAS1,"2013/01/29 20:00:00",1095.82,41.47,TRADE
TAS1,"2013/01/29 20:30:00",1102.57,42.57,TRADE
TAS1,"2013/01/29 21:00:00",1089.88,41.61,TRADE
TAS1,"2013/01/29 21:30:00",1086.72,41.36,TRADE
TAS1,"2013/01/29 22:00:00",1050.17,40.64,TRADE
TAS1,"2013/01/29 22:30:00",1025.59,45.72,TRADE
TAS1,"2013/01/29 23:00:00",990.05,40.67,TRADE
TAS1,"2013/01/29 23:30:00",974.92,43.31,TRADE
TAS1,"2013/01/30 00:00:00",975.18,44.02,TRADE
TAS1,"2013/01/30 00:30:00",971.91,43.34,TRADE
TAS1,"2013/01/30 01:00:00",947.96,41.25,TRADE
TAS1,"2013/01/30 01:30:00",959.6,42.02,TRADE
TAS1,"2013/01/30 02:00:00",936.22,41.45,TRADE
TAS1,"2013/01/30 02:30:00",941.68,39.82,TRADE
TAS1,"2013/01/30 03:00:00",940.61,40.13,TRADE
TAS1,"2013/01/30 03:30:00",939.66,39.93,TRADE
TAS1,"2013/01/30 04:00:00",942.91,40.22,TRADE
TAS1,"2013/01/30 04:30:00",943.41,40.79,TRADE
TAS1,"2013/01/30 05:00:00",979.73,41.49,TRADE
TAS1,"2013/01/30 05:30:00",1008.03,43.14,TRADE
TAS1,"2013/01/30 06:00:00",1036.23,43.5,TRADE
TAS1,"2013/01/30 06:30:00",1059.62,44.2,TRADE
TAS1,"2013/01/30 07:00:00",1095.43,46,TRADE
TAS1,"2013/01/30 07:30:00",1126.5,44.09,TRADE
TAS1,"2013/01/30 08:00:00",1106.88,43.87,TRADE
TAS1,"2013/01/30 08:30:00",1063.48,43.71,TRADE
TAS1,"2013/01/30 09:00:00",1059.79,44.16,TRADE
TAS1,"2013/01/30 09:30:00",1066.54,44.27,TRADE
TAS1,"2013/01/30 10:00:00",1060.65,44.25,TRADE
TAS1,"2013/01/30 10:30:00",1054.11,43.91,TRADE
TAS1,"2013/01/30 11:00:00",1047.06,39.12,TRADE
TAS1,"2013/01/30 11:30:00",1041.95,38.41,TRADE
TAS1,"2013/01/30 12:00:00",1021.36,36.87,TRADE
TAS1,"2013/01/30 12:30:00",1024.96,37.63,TRADE
TAS1,"2013/01/30 13:00:00",999.75,36.73,TRADE
TAS1,"2013/01/30 13:30:00",1000.76,36.75,TRADE
TAS1,"2013/01/30 14:00:00",1004.77,38.93,TRADE
TAS1,"2013/01/30 14:30:00",1010.35,38.85,TRADE
TAS1,"2013/01/30 15:00:00",1024.1,37.27,TRADE
TAS1,"2013/01/30 15:30:00",1029.65,39.01,TRADE
TAS1,"2013/01/30 16:00:00",1065.96,40.74,TRADE
TAS1,"2013/01/30 16:30:00",1046.76,39.61,TRADE
TAS1,"2013/01/30 17:00:00",1078.45,40.95,TRADE
TAS1,"2013/01/30 17:30:00",1070.59,38.55,TRADE
TAS1,"2013/01/30 18:00:00",1048.72,37.6,TRADE
TAS1,"2013/01/30 18:30:00",1040.27,37.83,TRADE
TAS1,"2013/01/30 19:00:00",1039.89,37.56,TRADE
TAS1,"2013/01/30 19:30:00",1033,37.88,TRADE
TAS1,"2013/01/30 20:00:00",1029.06,42.09,TRADE
TAS1,"2013/01/30 20:30:00",1037.34,42.1,TRADE
TAS1,"2013/01/30 21:00:00",1003.76,41.99,TRADE
TAS1,"2013/01/30 21:30:00",998.06,36.22,TRADE
TAS1,"2013/01/30 22:00:00",994.6,36.48,TRADE
TAS1,"2013/01/30 22:30:00",978.85,37.66,TRADE
TAS1,"2013/01/30 23:00:00",971.15,39.36,TRADE
TAS1,"2013/01/30 23:30:00",965.87,39.93,TRADE
TAS1,"2013/01/31 00:00:00",961.42,54.61,TRADE
TAS1,"2013/01/31 00:30:00",972.3,39.35,TRADE
TAS1,"2013/01/31 01:00:00",993.66,37.88,TRADE
TAS1,"2013/01/31 01:30:00",986.82,40.3,TRADE
TAS1,"2013/01/31 02:00:00",991.87,39.94,TRADE
TAS1,"2013/01/31 02:30:00",999.42,40.35,TRADE
TAS1,"2013/01/31 03:00:00",989.58,39.51,TRADE
TAS1,"2013/01/31 03:30:00",973.42,38.03,TRADE
TAS1,"2013/01/31 04:00:00",971.13,38.88,TRADE
TAS1,"2013/01/31 04:30:00",995.85,40.07,TRADE
TAS1,"2013/01/31 05:00:00",1000.83,40.66,TRADE
TAS1,"2013/01/31 05:30:00",1023.86,41.68,TRADE
TAS1,"2013/01/31 06:00:00",1055.16,40,TRADE
TAS1,"2013/01/31 06:30:00",1105.13,36.2,TRADE
TAS1,"2013/01/31 07:00:00",1127.5,36.2,TRADE
TAS1,"2013/01/31 07:30:00",1118.63,38.03,TRADE
TAS1,"2013/01/31 08:00:00",1126.77,41.7,TRADE
TAS1,"2013/01/31 08:30:00",1132.45,41.7,TRADE
TAS1,"2013/01/31 09:00:00",1111.18,41.7,TRADE
TAS1,"2013/01/31 09:30:00",1097.29,41.69,TRADE
TAS1,"2013/01/31 10:00:00",1094.99,41.69,TRADE
TAS1,"2013/01/31 10:30:00",1127.26,41.7,TRADE
TAS1,"2013/01/31 11:00:00",1119.76,41.7,TRADE
TAS1,"2013/01/31 11:30:00",1112.89,42.05,TRADE
TAS1,"2013/01/31 12:00:00",1107.22,41.52,TRADE
TAS1,"2013/01/31 12:30:00",1080.48,38.86,TRADE
TAS1,"2013/01/31 13:00:00",1074.3,41.59,TRADE
TAS1,"2013/01/31 13:30:00",1114.6,42.48,TRADE
TAS1,"2013/01/31 14:00:00",1130.88,42.85,TRADE
TAS1,"2013/01/31 14:30:00",1113.96,42.21,TRADE
TAS1,"2013/01/31 15:00:00",1123.42,39,TRADE
TAS1,"2013/01/31 15:30:00",1134.5,40.02,TRADE
TAS1,"2013/01/31 16:00:00",1150.8,39.48,TRADE
TAS1,"2013/01/31 16:30:00",1165.13,39.34,TRADE
TAS1,"2013/01/31 17:00:00",1188.87,39.28,TRADE
TAS1,"2013/01/31 17:30:00",1175.19,39.14,TRADE
TAS1,"2013/01/31 18:00:00",1190.58,40.48,TRADE
TAS1,"2013/01/31 18:30:00",1189.56,39.63,TRADE
TAS1,"2013/01/31 19:00:00",1186.38,40.33,TRADE
TAS1,"2013/01/31 19:30:00",1188.72,40.91,TRADE
TAS1,"2013/01/31 20:00:00",1166.88,41.07,TRADE
TAS1,"2013/01/31 20:30:00",1158.48,41.59,TRADE
TAS1,"2013/01/31 21:00:00",1154.16,55.52,TRADE
TAS1,"2013/01/31 21:30:00",1137.61,41.78,TRADE
TAS1,"2013/01/31 22:00:00",1095.32,41.3,TRADE
TAS1,"2013/01/31 22:30:00",1055.1,41.33,TRADE
TAS1,"2013/01/31 23:00:00",986.84,41.02,TRADE
TAS1,"2013/01/31 23:30:00",993.49,41.42,TRADE
TAS1,"2013/02/01 00:00:00",964.73,41.7,TRADE
